Workbook

Sheet 00_README
A1: サーモスL 商品マスター v0.7-R2｜ガラスSemantic Recovery Formal Closure Candidate
A2: 項目 | B2: 内容
A3: マスター名 | B3: サーモスL 商品マスター v0.7-R2 ガラスSemantic Recovery Formal Closure Candidate
A4: 目的 | B4: サッシ商品マスター共通仕様 v0.1 に準拠し、サーモスLの選択肢・依存関係をシリーズ単位で正規化する。
A5: 対象シリーズ | B5: LIXIL サーモスL
A6: 対象外 | B6: 防火戸FG-Lは別シリーズとして管理し、このマスターには混在させない。
A7: 入力順 | B7: 商品区分 → メーカー → シリーズ → 窓種 → 窓種固有仕様 → サイズ → 外観色 → 内観色 → 網戸 → ガラス → ガラス詳細 → その他OP → 数量
A8: 入力順の扱い | B8: 共通仕様v0.1を基準とし、運用上の最新入力順として網戸を内観色の直後に配置。既存Field IDは互換性のため維持。
A9: 窓種固有仕様 | B9: すべり出し窓=ハンドル種類、シャッター付引違い窓=シャッター種類、面格子付引違い窓=面格子種類、雨戸付引違い窓=雨戸種類。窓種の直後に選択。
A10: サイズ連動 | B10: 規格06_サイズ1,644行（有効1,495）＋高所操作144行＋06C特注寸法50ルール。現行17窓種を17/17カバー。
A11: 数量 | B11: 商品マスターには保持せず、見積明細側で保持する。
A12: 初期投入済み | B12: 規格1,644／特注50ルール／公式品種記号30／色記号6／高所操作144／重量891／凡例308／網戸41／有償品67。
A13: サーモスL固有ポイント | B13: 内・外観色は6パターン。外観ダスクグレーの内観はブラック。装飾引違い窓H・HK・HKKはサーモスLのみ設定。開き網戸はサーモスL・防火戸FG-Lのみ。
... A45: Formal Gate | B45: CLOSURE-R4：BLIND公式Window Scope確定。SAFE 30mil STANDARD 1,644件を母数化し、SDC0003156/3157で523件を直接判定（517 ALLOWED / 6 BLOCKED）。残1,121件と他特殊ガラス/CUSTOMは未閉包。

Sheet 01_入力フロー
A1: 商品情報入力フロー
A2: サッシ商品マスター共通仕様 v0.1 を基準に、網戸を内観色の直後へ配置。Field IDは既存互換のため維持。
A3: 順番 | B3: 項目ID | C3: 画面表示名 | D3: 表示条件 | E3: 選択肢の親 | F3: 商品マスター保持 | G3: 備考
A4: 1 | B4: F001 | C4: 商品区分 | D4: 常時 | E4: - | F4: ○ | G4: サッシを対象
A5: 2 | B5: F002 | C5: メーカー | D5: 商品区分=サッシ | E5: 商品区分 | F5: ○ | G5: メーカー選択
A6: 3 | B6: F003 | C6: シリーズ | D6: メーカー選択後 | E6: メーカー | F6: ○ | G6: 防火仕様はシリーズ名で表現
A7: 4 | B7: F004 | C7: 窓種 | D7: シリーズ選択後 | E7: シリーズ | F7: ○ | G7: サーモスLで選べる窓種のみ表示
A8: 5 | B8: F005 | C8: 窓種固有仕様 | D8: 該当窓種のみ | E8: シリーズ+窓種 | F8: ○ | G8: ハンドル/シャッター/面格子/雨戸の種類
A9: 6 | B9: F006 | C9: サイズ | D9: 窓種確定後 | E9: シリーズ+窓種+固有仕様 | F9: ○ | G9: 呼称W/Hと実寸W/Hを保持。工法区分（construction）は内部技術項目でユーザー入力しない。規格サイズ選択後にサイズ行から内部導出。
A10: 7 | B10: F007 | C10: 外観色 | D10: サイズ確定後 | E10: シリーズ | F10: ○ | G10: 設定色のみ
A11: 8 | B11: F008 | C11: 内観色 | D11: 外観色選択後 | E11: シリーズ+外観色 | F11: ○ | G11: サーモスLの6パターン制約を制御
A12: 9 | B12: F011 | C12: 網戸 | D12: 網戸設定のある窓種 | E12: シリーズ+窓種+サイズ | F12: ○ | G12: 引違窓系は網戸有無→中桟→ネット種類まで
A13: 10 | B13: F009 | C13: ガラス | D13: 網戸選択後 | E13: シリーズ+窓種 | F13: ○ | G13: 複層/Low-E等
A14: 11 | B14: F010 | C14: ガラス詳細 | D14: ガラス選択後 | E14: ガラス | F14: ○ | G14: 見え方・ガス・スペーサー・構成等
A15: 12 | B15: F012 | C15: その他オプション | D15: 設定がある場合 | E15: 確定商品仕様 | F15: ○ | G15: シリーズごとの正式OP
A16: 13 | B16: F013 | C16: 数量 | D16: 商品仕様確定後 | E16: - | F16: × | G16: 見積明細に保存

Sheet 02_シリーズ
A1: シリーズマスター
A2: サーモスLのみを収録。防火戸FG-Lは別シリーズとして管理する。
A3: series_id | B3: 商品区分 | C3: メーカー | D3: シリーズ表示名 | E3: 防火区分の別選択 | F3: 有効 | G3: 登録状態 | H3: 適用開始 | I3: 適用終了 | J3: 出典/備考
A4: SER-LIX-SAMOSL | B4: サッシ | C4: LIXIL | D4: サーモスL | E4: 不要 | F4: TRUE | G4: カタログ確認済み | J4: LIXIL サーモスⅡ-H/L・防火戸FG-H/L 商品カタログ（444頁）。防火戸FG-Lは別シリーズ。

Sheet 03_窓種
A1: 窓種マスター
A2: カタログ掲載品種を共通仕様へ正規化。すべり出し窓のハンドルは窓種名に埋め込まず、直後の固有仕様として管理。
A3: window_type_id | B3: 窓種表示名 | C3: 固有仕様種別 | D3: 固有仕様必須 | E3: 網戸設定 | F3: 中桟選択 | G3: ネット種類選択 | H3: 有効 | I3: 登録状態 | J3: 備考
A4: WT-SL-HIKICHIGAI | B4: 単体引違い窓 | C4: なし | D4: 不要 | E4: 引違い網戸 | F4: あり | G4: あり | H4: TRUE | I4: カタログ掲載 | J4: 引違い窓 section｜引違い網戸：中桟・ネットを09B/09Cで制御
A5: WT-SL-SHUTTER-HIKI | B5: シャッター付引違い窓 | C5: シャッター種類 | D5: 必須 | E5: 引違い網戸 | F5: あり | G5: あり | H5: TRUE | I5: カタログ掲載 | J5: シャッター種類を窓種直後に選択｜引違い網戸：中桟・ネットを09B/09Cで制御
A6: WT-SL-AMADO-HIKI | B6: 雨戸付引違い窓 | C6: 雨戸種類 | D6: 必須 | E6: 引違い網戸 | F6: あり | G6: あり | H6: TRUE | I6: カタログ掲載 | J6: 雨戸種類を窓種直後に選択｜引違い網戸：中桟・ネットを09B/09Cで制御
A7: WT-SL-MENKOSHI-HIKI | B7: 面格子付引違い窓 | C7: 面格子種類 | D7: 必須 | E7: 引違い網戸 | F7: あり | G7: あり | H7: TRUE | I7: カタログ個別可否確認済み | J7: 縦/横/ヒシクロス/井桁をサイズ別に06_サイズで制御｜引違い網戸：中桟・ネットを09B/09Cで制御
A8: WT-SL-TATE-SUBERI | B8: 縦すべり出し窓 | C8: ハンドル×構成タイプ | D8: 必須 | E8: 固有仕様連動 | F8: なし | G8: 形式連動 | H8: TRUE | I8: 2026詳細構成正規化済み | J8: オペレーター/カムラッチ × T/TF/TFT × FIX外押縁/内押縁を04/05/06で連動
A9: WT-SL-YOKO-SUBERI | B9: 横すべり出し窓 | C9: ハンドル種類 | D9: 必須 | E9: 固有仕様連動 | F9: なし | G9: 形式連動 | H9: TRUE | I9: カタログ掲載 | J9: オペレーター/カムラッチ｜オペレーター=固定式系／カムラッチ=横引きロール・開き網戸系
A10: WT-SL-KOSHO-YOKO | B10: 高所用横すべり出し窓 | C10: 操作方式 | D10: 必須 | E10: 固定式網戸系 | F10: なし | G10: 形式連動 | H10: TRUE | I10: v0.6操作方式×サイズ確定 | J10: ハンドル／シングル／ダブルはH>=700、電動は規格サイズ全件候補。
A11: WT-SL-AGE-SAGE-FS | B11: 上げ下げ窓FS | C11: なし | D11: 不要 | E11: 上げ下げ式網戸 | F11: なし | G11: 形式連動 | H11: TRUE | I11: カタログ掲載 | J11: 09Cの規格呼称ホワイトリスト連動
A12: WT-SL-MENKOSHI-AGE-FS | B12: 面格子付上げ下げ窓FS | C12: 面格子種類 | D12: 必須 | E12: 上げ下げ式網戸 | F12: なし | G12: 形式連動 | H12: TRUE | I12: カタログ個別可否確認済み | J12: 縦/横/ヒシクロス/井桁を価格表で確認。専用固有仕様IDで管理｜09Cの規格呼称ホワイトリスト連動
A13: WT-SL-FIX-OUT | B13: FIX窓（外押縁タイプ） | C13: なし | D13: 不要 | E13: なし | F13: なし | G13: なし | H13: TRUE | I13: カタログ掲載 | J13: FIX本体のため網戸選択なし
A14: WT-SL-FIX-IN | B14: FIX窓（内押縁タイプ） | C14: なし | D14: 不要 | E14: なし | F14: なし | G14: なし | H14: TRUE | I14: カタログ掲載 | J14: FIX本体のため網戸選択なし
A15: WT-SL-UCHIDAOSHI | B15: 内倒し窓 | C15: なし | D15: 不要 | E15: 固定式網戸（内倒し窓用） | F15: なし | G15: 形式連動 | H15: TRUE | I15: カタログ掲載 | J15: 専用固定式網戸
... A21: WT-SL-KATTEGUCHI | B21: 勝手口ドア | C21: ドアタイプ | D21: 必須 | E21: しまえるんですJ | F21: なし | G21: 形式連動 | H21: TRUE | I21: 2026現行確認済み | J21: 中桟腰パネル付／全面ガラス。KD1。特注範囲は06C。

Sheet 04_窓種固有仕様
A1: 窓種固有仕様マスター
A2: 窓種の直後に選択する仕様。サーモスLで確認できたハンドル・シャッター・雨戸・装飾引違い構成を先行投入。
A3: spec_id | B3: シリーズID | C3: 窓種ID | D3: 固有仕様種別 | E3: 表示名 | F3: メーカー正式名称 | G3: サイズ連動キー | H3: 有効 | I3: 登録状態 | J3: 表示順 | K3: 出典 | L3: 備考
A4: SP-SL-TATE-OP | B4: SER-LIX-SAMOSL | C4: WT-SL-TATE-SUBERI | D4: ハンドル種類 | E4: オペレーター | F4: 縦すべり出し窓（オペレーター） | G4: TATE-OP | H4: FALSE | I4: v0.5履歴エイリアス | J4: 10 | K4: SM3100 装飾窓 | L4: v0.5で10種類のハンドル×構成タイプへ分解。新規選択には使用しない。
A5: SP-SL-TATE-CAM | B5: SER-LIX-SAMOSL | C5: WT-SL-TATE-SUBERI | D5: ハンドル種類 | E5: カムラッチ | F5: 縦すべり出し窓（カムラッチ） | G5: TATE-CAM | H5: FALSE | I5: v0.5履歴エイリアス | J5: 20 | K5: SM3100 装飾窓 | L5: v0.5で10種類のハンドル×構成タイプへ分解。新規選択には使用しない。
A6: SP-SL-YOKO-OP | B6: SER-LIX-SAMOSL | C6: WT-SL-YOKO-SUBERI | D6: ハンドル種類 | E6: オペレーター | F6: 横すべり出し窓（オペレーター） | G6: YOKO-OP | H6: TRUE | I6: カタログ確認済み | J6: 10 | K6: SM3100 装飾窓
A7: SP-SL-YOKO-CAM | B7: SER-LIX-SAMOSL | C7: WT-SL-YOKO-SUBERI | D7: ハンドル種類 | E7: カムラッチ | F7: 横すべり出し窓（カムラッチ） | G7: YOKO-CAM | H7: TRUE | I7: カタログ確認済み | J7: 20 | K7: SM3100 装飾窓
A8: SP-SL-SHUT-E-STD | B8: SER-LIX-SAMOSL | C8: WT-SL-SHUTTER-HIKI | D8: シャッター種類 | E8: 電動 標準タイプ | F8: 電動 標準タイプ | G8: SH-E-STD | H8: TRUE | I8: カタログ確認済み | J8: 10 | K8: SM3100 P78-81
A9: SP-SL-SHUT-E-VENT | B9: SER-LIX-SAMOSL | C9: WT-SL-SHUTTER-HIKI | D9: シャッター種類 | E9: 電動 採風タイプ | F9: 電動 採風タイプ | G9: SH-E-VENT | H9: TRUE | I9: カタログ確認済み | J9: 20 | K9: SM3100 P78-81
A10: SP-SL-SHUT-E-WIND | B10: SER-LIX-SAMOSL | C10: WT-SL-SHUTTER-HIKI | D10: シャッター種類 | E10: 電動 耐風タイプ | F10: 電動 耐風タイプ | G10: SH-E-WIND | H10: TRUE | I10: カタログ確認済み | J10: 30 | K10: SM3100 P78-81
A11: SP-SL-SHUT-M-STD | B11: SER-LIX-SAMOSL | C11: WT-SL-SHUTTER-HIKI | D11: シャッター種類 | E11: 手動 標準タイプ | F11: 手動 標準タイプ | G11: SH-M-STD | H11: TRUE | I11: カタログ確認済み | J11: 40 | K11: SM3100 P78-81
A12: SP-SL-SHUT-M-WIND | B12: SER-LIX-SAMOSL | C12: WT-SL-SHUTTER-HIKI | D12: シャッター種類 | E12: 手動 耐風タイプ | F12: 手動 耐風タイプ | G12: SH-M-WIND | H12: TRUE | I12: カタログ確認済み | J12: 50 | K12: SM3100 P78-81
A13: SP-SL-AMADO-LOUVER | B13: SER-LIX-SAMOSL | C13: WT-SL-AMADO-HIKI | D13: 雨戸種類 | E13: ルーバー雨戸 | F13: 一般雨戸 ルーバー雨戸 | G13: AM-LOUVER | H13: TRUE | I13: カタログ確認済み | J13: 10 | K13: SM3100 P126-128
A14: SP-SL-AMADO-DAN | B14: SER-LIX-SAMOSL | C14: WT-SL-AMADO-HIKI | D14: 雨戸種類 | E14: Danパネル雨戸 | F14: 断熱雨戸 Danパネル雨戸 | G14: AM-DAN | H14: TRUE | I14: カタログ確認済み | J14: 20 | K14: SM3100 P126-128
A15: SP-SL-AMADO-ADJ | B15: SER-LIX-SAMOSL | C15: WT-SL-AMADO-HIKI | D15: 雨戸種類 | E15: 可動ルーバー雨戸Ⅰ型 | F15: 採風・採光雨戸 可動ルーバー雨戸Ⅰ型 | G15: AM-ADJ | H15: TRUE | I15: カタログ確認済み | J15: 30 | K15: SM3100 P126-128 | L15: 在来のみ
A16: SP-SL-GRILLE-V | B16: SER-LIX-SAMOSL | C16: WT-SL-MENKOSHI-HIKI | D16: 面格子種類 | E16: 縦格子 | F16: 縦格子 | G16: GR-V | H16: TRUE | I16: カタログ確認済み（サイズ別可否制御） | J16: 10 | K16: 202604 サーモスL 完成品価格表 P90-113 | L16: 06_サイズ/13_可否証跡でサイズ別の設定可否を制御
A17: SP-SL-GRILLE-H | B17: SER-LIX-SAMOSL | C17: WT-SL-MENKOSHI-HIKI | D17: 面格子種類 | E17: 横格子 | F17: 横格子 | G17: GR-H | H17: TRUE | I17: カタログ確認済み（サイズ別可否制御） | J17: 20 | K17: 202604 サーモスL 完成品価格表 P90-113 | L17: 06_サイズ/13_可否証跡でサイズ別の設定可否を制御
A18: SP-SL-GRILLE-DIA | B18: SER-LIX-SAMOSL | C18: WT-SL-MENKOSHI-HIKI | D18: 面格子種類 | E18: ヒシクロス格子 | F18: ヒシクロス格子 | G18: GR-DIA | H18: TRUE | I18: カタログ確認済み（サイズ別可否制御） | J18: 30 | K18: 202604 サーモスL 完成品価格表 P90-113 | L18: 06_サイズ/13_可否証跡でサイズ別の設定可否を制御
A19: SP-SL-GRILLE-IGETA | B19: SER-LIX-SAMOSL | C19: WT-SL-MENKOSHI-HIKI | D19: 面格子種類 | E19: 井桁格子 | F19: 井桁格子 | G19: GR-IGETA | H19: TRUE | I19: カタログ確認済み（サイズ別可否制御） | J19: 40 | K19: 202604 サーモスL 完成品価格表 P90-113 | L19: 06_サイズ/13_可否証跡でサイズ別の設定可否を制御
A20: SP-SL-KAZARI-H | B20: SER-LIX-SAMOSL | C20: WT-SL-KAZARI-HIKI | D20: 建具構成 | E20: H | F20: 装飾引違い窓 H | G20: KAZ-H | H20: TRUE | I20: サーモスL確認済み | J20: 10 | K20: SM3100 P410付近 | L20: サーモスLのみ設定
A21: SP-SL-KAZARI-HK | B21: SER-LIX-SAMOSL | C21: WT-SL-KAZARI-HIKI | D21: 建具構成 | E21: HK | F21: 装飾引違い窓 HK | G21: KAZ-HK | H21: TRUE | I21: サーモスL確認済み | J21: 20 | K21: SM3100 P410付近 | L21: サーモスLのみ設定
A22: SP-SL-KAZARI-HKK | B22: SER-LIX-SAMOSL | C22: WT-SL-KAZARI-HIKI | D22: 建具構成 | E22: HKK | F22: 装飾引違い窓 HKK | G22: KAZ-HKK | H22: TRUE | I22: サーモスL確認済み | J22: 30 | K22: SM3100 P410付近 | L22: サーモスLのみ設定
A23: SP-SL-AGE-GRILLE-V | B23: SER-LIX-SAMOSL | C23: WT-SL-MENKOSHI-AGE-FS | D23: 面格子種類 | E23: 縦格子 | F23: 縦格子 | G23: AGE-GR-V | H23: TRUE | I23: カタログ確認済み | J23: 10 | K23: 202604 サーモスL 完成品価格表 P144-147 | L23: 面格子付上げ下げ窓FS専用
A24: SP-SL-AGE-GRILLE-H | B24: SER-LIX-SAMOSL | C24: WT-SL-MENKOSHI-AGE-FS | D24: 面格子種類 | E24: 横格子 | F24: 横格子 | G24: AGE-GR-H | H24: TRUE | I24: カタログ確認済み | J24: 20 | K24: 202604 サーモスL 完成品価格表 P144-147 | L24: 面格子付上げ下げ窓FS専用
A25: SP-SL-AGE-GRILLE-DIA | B25: SER-LIX-SAMOSL | C25: WT-SL-MENKOSHI-AGE-FS | D25: 面格子種類 | E25: ヒシクロス格子 | F25: ヒシクロス格子 | G25: AGE-GR-DIA | H25: TRUE | I25: カタログ確認済み | J25: 30 | K25: 202604 サーモスL 完成品価格表 P144-147 | L25: 面格子付上げ下げ窓FS専用
A26: SP-SL-AGE-GRILLE-IGETA | B26: SER-LIX-SAMOSL | C26: WT-SL-MENKOSHI-AGE-FS | D26: 面格子種類 | E26: 井桁格子 | F26: 井桁格子 | G26: AGE-GR-IGETA | H26: TRUE | I26: カタログ確認済み | J26: 40 | K26: 202604 サーモスL 完成品価格表 P144-147 | L26: 面格子付上げ下げ窓FS専用
A27: SP-SL-TATE-OP-T | B27: SER-LIX-SAMOSL | C27: WT-SL-TATE-SUBERI | D27: ハンドル×構成タイプ | E27: オペレーター｜T | F27: 縦すべり出し窓 T（オペレーター） | G27: TATE-OP-T | H27: TRUE | I27: 2026現行確認済み | J27: 10 | K27: 202604完成品価格表 P114-117
A28: SP-SL-TATE-OP-TF-OUT | B28: SER-LIX-SAMOSL | C28: WT-SL-TATE-SUBERI | D28: ハンドル×構成タイプ | E28: オペレーター｜TF｜FIX外押縁 | F28: 縦すべり出し窓 TF（オペレーター）（FIX部 外押縁タイプ） | G28: TATE-OP-TF-OUT | H28: TRUE | I28: 2026現行確認済み | J28: 20 | K28: P118
A29: SP-SL-TATE-OP-TFT-OUT | B29: SER-LIX-SAMOSL | C29: WT-SL-TATE-SUBERI | D29: ハンドル×構成タイプ | E29: オペレーター｜TFT｜FIX外押縁 | F29: 縦すべり出し窓 TFT（オペレーター）（FIX部 外押縁タイプ） | G29: TATE-OP-TFT-OUT | H29: TRUE | I29: 2026現行確認済み | J29: 30 | K29: P119
A30: SP-SL-TATE-OP-TF-IN | B30: SER-LIX-SAMOSL | C30: WT-SL-TATE-SUBERI | D30: ハンドル×構成タイプ | E30: オペレーター｜TF｜FIX内押縁 | F30: 縦すべり出し窓 TF（オペレーター）（FIX部 内押縁タイプ） | G30: TATE-OP-TF-IN | H30: TRUE | I30: 2026現行確認済み | J30: 40 | K30: P120
A31: SP-SL-TATE-OP-TFT-IN | B31: SER-LIX-SAMOSL | C31: WT-SL-TATE-SUBERI | D31: ハンドル×構成タイプ | E31: オペレーター｜TFT｜FIX内押縁 | F31: 縦すべり出し窓 TFT（オペレーター）（FIX部 内押縁タイプ） | G31: TATE-OP-TFT-IN | H31: TRUE | I31: 2026現行確認済み | J31: 50 | K31: P121
A32: SP-SL-TATE-CAM-T | B32: SER-LIX-SAMOSL | C32: WT-SL-TATE-SUBERI | D32: ハンドル×構成タイプ | E32: カムラッチ｜T | F32: 縦すべり出し窓 T（カムラッチ） | G32: TATE-CAM-T | H32: TRUE | I32: 2026現行確認済み | J32: 60 | K32: P122-125
A33: SP-SL-TATE-CAM-TF-OUT | B33: SER-LIX-SAMOSL | C33: WT-SL-TATE-SUBERI | D33: ハンドル×構成タイプ | E33: カムラッチ｜TF｜FIX外押縁 | F33: 縦すべり出し窓 TF（カムラッチ）（FIX部 外押縁タイプ） | G33: TATE-CAM-TF-OUT | H33: TRUE | I33: 2026現行確認済み | J33: 70 | K33: P126
A34: SP-SL-TATE-CAM-TFT-OUT | B34: SER-LIX-SAMOSL | C34: WT-SL-TATE-SUBERI | D34: ハンドル×構成タイプ | E34: カムラッチ｜TFT｜FIX外押縁 | F34: 縦すべり出し窓 TFT（カムラッチ）（FIX部 外押縁タイプ） | G34: TATE-CAM-TFT-OUT | H34: TRUE | I34: 2026現行確認済み | J34: 80 | K34: P127
A35: SP-SL-TATE-CAM-TF-IN | B35: SER-LIX-SAMOSL | C35: WT-SL-TATE-SUBERI | D35: ハンドル×構成タイプ | E35: カムラッチ｜TF｜FIX内押縁 | F35: 縦すべり出し窓 TF（カムラッチ）（FIX部 内押縁タイプ） | G35: TATE-CAM-TF-IN | H35: TRUE | I35: 2026現行確認済み | J35: 90 | K35: P128
A36: SP-SL-TATE-CAM-TFT-IN | B36: SER-LIX-SAMOSL | C36: WT-SL-TATE-SUBERI | D36: ハンドル×構成タイプ | E36: カムラッチ｜TFT｜FIX内押縁 | F36: 縦すべり出し窓 TFT（カムラッチ）（FIX部 内押縁タイプ） | G36: TATE-CAM-TFT-IN | H36: TRUE | I36: 2026現行確認済み | J36: 100 | K36: P129
A37: SP-SL-KOSHO-HANDLE | B37: SER-LIX-SAMOSL | C37: WT-SL-KOSHO-YOKO | D37: 操作方式 | E37: オペレーターハンドル | F37: オペレーター本体（ハンドル用） | G37: KOSHO-HANDLE | H37: TRUE | I37: 2026価格表確認済み | J37: 10 | K37: 202604完成品価格表 P138-141/P254 | L37: サッシH700mm未満は取付不可
A38: SP-SL-KOSHO-SINGLE | B38: SER-LIX-SAMOSL | C38: WT-SL-KOSHO-YOKO | D38: 操作方式 | E38: シングルループチェーン | F38: シングルループチェーン式オペレーター | G38: KOSHO-SINGLE | H38: TRUE | I38: 2026価格表確認済み | J38: 20 | K38: P138-141/P254 | L38: サッシH700mm未満は取付不可。チェーン長は04B
A39: SP-SL-KOSHO-DOUBLE | B39: SER-LIX-SAMOSL | C39: WT-SL-KOSHO-YOKO | D39: 操作方式 | E39: ダブルループチェーン | F39: ダブルループチェーン式オペレーター | G39: KOSHO-DOUBLE | H39: TRUE | I39: 2026価格表確認済み | J39: 30 | K39: P138-141/P254 | L39: サッシH700mm未満は取付不可。チェーン長は04B
A40: SP-SL-KOSHO-ELECTRIC | B40: SER-LIX-SAMOSL | C40: WT-SL-KOSHO-YOKO | D40: 操作方式 | E40: 電動ユニット | F40: 電動ユニット本体（単機能リモコン同梱） | G40: KOSHO-ELECTRIC | H40: TRUE | I40: 2026価格表確認済み | J40: 40 | K40: P138-141/P254 | L40: 浴室など高温・多湿は使用不可
A41: SP-SL-OUTWARD-E | B41: SER-LIX-SAMOSL | C41: WT-SL-SOTODAOSHI | D41: 構成タイプ | E41: E｜単窓タイプ | F41: 外倒し窓 E（単窓タイプ） | G41: OUT-E | H41: TRUE | I41: 2026現行確認済み | J41: 10 | K41: サーモスⅡ-H/L 商品カタログ P224 | L41: 特注60°。75°は06C特別条件
A42: SP-SL-OUTWARD-EE | B42: SER-LIX-SAMOSL | C42: WT-SL-SOTODAOSHI | D42: 構成タイプ | E42: EE｜連窓タイプ | F42: 外倒し窓 EE（連窓タイプ） | G42: OUT-EE | H42: TRUE | I42: 2026現行確認済み | J42: 20 | K42: 商品カタログ P224 | L42: 単窓換算W=(開口W-15)/2で判定
A43: SP-SL-KD-WAIST | B43: SER-LIX-SAMOSL | C43: WT-SL-KATTEGUCHI | D43: ドアタイプ | E43: 中桟腰パネル付 | F43: 勝手口ドア（中桟腰パネル付） | G43: KD-WAIST | H43: TRUE | I43: 2026現行確認済み | J43: 10 | K43: 202604完成品価格表/商品カタログ | L43: KD1。サイズは窓種共通
A44: SP-SL-KD-FULLGLASS | B44: SER-LIX-SAMOSL | C44: WT-SL-KATTEGUCHI | D44: ドアタイプ | E44: 全面ガラス | F44: 勝手口ドア（全面ガラスタイプ） | G44: KD-FULL | H44: TRUE | I44: 2026現行確認済み | J44: 20 | K44: 202604完成品価格表/商品カタログ | L44: KD1。サイズは窓種共通
A45: SP-SL-KSF-GRILLE-V | B45: SER-LIX-SAMOSL | C45: WT-SL-KATTEGUCHI-VENT-FS | D45: 網付格子種類 | E45: 縦格子 | F45: 縦格子 | G45: KSF-GR-V | H45: TRUE | I45: 2026完成品価格表確認済み | J45: 10 | K45: 202604完成品価格表 P214-218 | L45: 採風勝手口ドアFS専用
A46: SP-SL-KSF-GRILLE-H | B46: SER-LIX-SAMOSL | C46: WT-SL-KATTEGUCHI-VENT-FS | D46: 網付格子種類 | E46: 横格子 | F46: 横格子 | G46: KSF-GR-H | H46: TRUE | I46: 2026完成品価格表確認済み | J46: 20 | K46: 202604完成品価格表 P214-218 | L46: 採風勝手口ドアFS専用
A47: SP-SL-KSF-GRILLE-DH | B47: SER-LIX-SAMOSL | C47: WT-SL-KATTEGUCHI-VENT-FS | D47: 網付格子種類 | E47: デザイン横格子 | F47: デザイン横格子 | G47: KSF-GR-DH | H47: TRUE | I47: 2026完成品価格表確認済み | J47: 30 | K47: 202604完成品価格表 P214-218 | L47: 採風勝手口ドアFS専用
A48: SP-SL-KSF-GRILLE-DIA | B48: SER-LIX-SAMOSL | C48: WT-SL-KATTEGUCHI-VENT-FS | D48: 網付格子種類 | E48: ヒシクロス格子 | F48: ヒシクロス格子 | G48: KSF-GR-DIA | H48: TRUE | I48: 2026完成品価格表確認済み | J48: 40 | K48: 202604完成品価格表 P214-218 | L48: 採風勝手口ドアFS専用
... A50: SP-SL-KSF-GRILLE-NONE | B50: SER-LIX-SAMOSL | C50: WT-SL-KATTEGUCHI-VENT-FS | D50: 網付格子種類 | E50: 格子なし | F50: 格子なし（無地） | G50: KSF-GR-NONE | H50: TRUE | I50: 2026完成品価格表確認済み | J50: 60 | K50: 202604完成品価格表 P214-218 | L50: 採風勝手口ドアFS専用

Sheet 05_設定可否関係
A1: シリーズ × 窓種 × 固有仕様 設定可否
A2: サイズはこの関係表の確定仕様に連動。面格子4種は品種別規格表との最終照合を残す。
A3: relation_id | B3: シリーズID | C3: 窓種ID | D3: 固有仕様ID | E3: 選択可否 | F3: サイズ連動 | G3: 有効 | H3: 登録状態 | I3: 出典 | J3: 備考
A4: REL-SL-001 | B4: SER-LIX-SAMOSL | C4: WT-SL-TATE-SUBERI | D4: SP-SL-TATE-OP | E4: 履歴 | F4: × | G4: FALSE | H4: v0.5履歴エイリアス | I4: SM3100 装飾窓 | J4: REL-SL-024～033へ移行
A5: REL-SL-002 | B5: SER-LIX-SAMOSL | C5: WT-SL-TATE-SUBERI | D5: SP-SL-TATE-CAM | E5: 履歴 | F5: × | G5: FALSE | H5: v0.5履歴エイリアス | I5: SM3100 装飾窓 | J5: REL-SL-024～033へ移行
A6: REL-SL-003 | B6: SER-LIX-SAMOSL | C6: WT-SL-YOKO-SUBERI | D6: SP-SL-YOKO-OP | E6: 可 | F6: ○ | G6: TRUE | H6: カタログ確認済み | I6: SM3100 装飾窓
A7: REL-SL-004 | B7: SER-LIX-SAMOSL | C7: WT-SL-YOKO-SUBERI | D7: SP-SL-YOKO-CAM | E7: 可 | F7: ○ | G7: TRUE | H7: カタログ確認済み | I7: SM3100 装飾窓
A8: REL-SL-005 | B8: SER-LIX-SAMOSL | C8: WT-SL-SHUTTER-HIKI | D8: SP-SL-SHUT-E-STD | E8: 可 | F8: ○ | G8: TRUE | H8: カタログ確認済み | I8: SM3100 P78-81
A9: REL-SL-006 | B9: SER-LIX-SAMOSL | C9: WT-SL-SHUTTER-HIKI | D9: SP-SL-SHUT-E-VENT | E9: 可 | F9: ○ | G9: TRUE | H9: カタログ確認済み | I9: SM3100 P78-81
A10: REL-SL-007 | B10: SER-LIX-SAMOSL | C10: WT-SL-SHUTTER-HIKI | D10: SP-SL-SHUT-E-WIND | E10: 可 | F10: ○ | G10: TRUE | H10: カタログ確認済み | I10: SM3100 P78-81
A11: REL-SL-008 | B11: SER-LIX-SAMOSL | C11: WT-SL-SHUTTER-HIKI | D11: SP-SL-SHUT-M-STD | E11: 可 | F11: ○ | G11: TRUE | H11: カタログ確認済み | I11: SM3100 P78-81
A12: REL-SL-009 | B12: SER-LIX-SAMOSL | C12: WT-SL-SHUTTER-HIKI | D12: SP-SL-SHUT-M-WIND | E12: 可 | F12: ○ | G12: TRUE | H12: カタログ確認済み | I12: SM3100 P78-81
A13: REL-SL-010 | B13: SER-LIX-SAMOSL | C13: WT-SL-AMADO-HIKI | D13: SP-SL-AMADO-LOUVER | E13: 可 | F13: ○ | G13: TRUE | H13: カタログ確認済み | I13: SM3100 P126-128
A14: REL-SL-011 | B14: SER-LIX-SAMOSL | C14: WT-SL-AMADO-HIKI | D14: SP-SL-AMADO-DAN | E14: 可 | F14: ○ | G14: TRUE | H14: カタログ確認済み | I14: SM3100 P126-128
A15: REL-SL-012 | B15: SER-LIX-SAMOSL | C15: WT-SL-AMADO-HIKI | D15: SP-SL-AMADO-ADJ | E15: 可 | F15: ○ | G15: TRUE | H15: カタログ確認済み | I15: SM3100 P126-128 | J15: 在来のみ
A16: REL-SL-013 | B16: SER-LIX-SAMOSL | C16: WT-SL-MENKOSHI-HIKI | D16: SP-SL-GRILLE-V | E16: サイズ別制御 | F16: ○ | G16: TRUE | H16: カタログ確認済み | I16: 202604 サーモスL 完成品価格表 P90-113 | J16: 06_サイズの有効フラグでサイズ別設定可否を制御
A17: REL-SL-014 | B17: SER-LIX-SAMOSL | C17: WT-SL-MENKOSHI-HIKI | D17: SP-SL-GRILLE-H | E17: サイズ別制御 | F17: ○ | G17: TRUE | H17: カタログ確認済み | I17: 202604 サーモスL 完成品価格表 P90-113 | J17: 06_サイズの有効フラグでサイズ別設定可否を制御
A18: REL-SL-015 | B18: SER-LIX-SAMOSL | C18: WT-SL-MENKOSHI-HIKI | D18: SP-SL-GRILLE-DIA | E18: サイズ別制御 | F18: ○ | G18: TRUE | H18: カタログ確認済み | I18: 202604 サーモスL 完成品価格表 P90-113 | J18: 06_サイズの有効フラグでサイズ別設定可否を制御
A19: REL-SL-016 | B19: SER-LIX-SAMOSL | C19: WT-SL-MENKOSHI-HIKI | D19: SP-SL-GRILLE-IGETA | E19: サイズ別制御 | F19: ○ | G19: TRUE | H19: カタログ確認済み | I19: 202604 サーモスL 完成品価格表 P90-113 | J19: 06_サイズの有効フラグでサイズ別設定可否を制御
A20: REL-SL-017 | B20: SER-LIX-SAMOSL | C20: WT-SL-KAZARI-HIKI | D20: SP-SL-KAZARI-H | E20: 可 | F20: ○ | G20: TRUE | H20: カタログ確認済み | I20: SM3100 P410付近 | J20: サーモスLのみ設定
A21: REL-SL-018 | B21: SER-LIX-SAMOSL | C21: WT-SL-KAZARI-HIKI | D21: SP-SL-KAZARI-HK | E21: 可 | F21: ○ | G21: TRUE | H21: カタログ確認済み | I21: SM3100 P410付近 | J21: サーモスLのみ設定
A22: REL-SL-019 | B22: SER-LIX-SAMOSL | C22: WT-SL-KAZARI-HIKI | D22: SP-SL-KAZARI-HKK | E22: 可 | F22: ○ | G22: TRUE | H22: カタログ確認済み | I22: SM3100 P410付近 | J22: サーモスLのみ設定
A23: REL-SL-020 | B23: SER-LIX-SAMOSL | C23: WT-SL-MENKOSHI-AGE-FS | D23: SP-SL-AGE-GRILLE-V | E23: サイズ別制御 | F23: ○ | G23: TRUE | H23: カタログ確認済み | I23: 202604 サーモスL 完成品価格表 P144-147 | J23: 06_サイズと連動
A24: REL-SL-021 | B24: SER-LIX-SAMOSL | C24: WT-SL-MENKOSHI-AGE-FS | D24: SP-SL-AGE-GRILLE-H | E24: サイズ別制御 | F24: ○ | G24: TRUE | H24: カタログ確認済み | I24: 202604 サーモスL 完成品価格表 P144-147 | J24: 06_サイズと連動
A25: REL-SL-022 | B25: SER-LIX-SAMOSL | C25: WT-SL-MENKOSHI-AGE-FS | D25: SP-SL-AGE-GRILLE-DIA | E25: サイズ別制御 | F25: ○ | G25: TRUE | H25: カタログ確認済み | I25: 202604 サーモスL 完成品価格表 P144-147 | J25: 06_サイズと連動
A26: REL-SL-023 | B26: SER-LIX-SAMOSL | C26: WT-SL-MENKOSHI-AGE-FS | D26: SP-SL-AGE-GRILLE-IGETA | E26: サイズ別制御 | F26: ○ | G26: TRUE | H26: カタログ確認済み | I26: 202604 サーモスL 完成品価格表 P144-147 | J26: 06_サイズと連動
... A44: REL-SL-041 | B44: SER-LIX-SAMOSL | C44: WT-SL-KATTEGUCHI | D44: SP-SL-KD-FULLGLASS | E44: 可 | F44: サイズ共有/06C連動 | G44: TRUE | H44: 2026現行確認済み | I44: 完成品価格表/商品カタログ | J44: 規格06は窓種共通、特注06Cで固有仕様判定

Sheet 06_サイズ
A1: サイズマスター｜サーモスL v0.6 詳細構成・ガラス凡例確定版
A2: v0.6：ガラス凡例継承を同一価格表セクション内の前頁/次頁継承へ確定。内倒し窓16503は直接注記で別扱い。
A3: size_id | B3: シリーズID | C3: 窓種ID | D3: 窓種名 | E3: 固有仕様ID | F3: 工法区分 | G3: 呼称 | H3: 呼称W | I3: 呼称H | J3: 実寸W(mm) | K3: 実寸H(mm) | L3: 建て方/区分 | M3: 有効 | N3: 登録状態 | O3: PDFページ | P3: 誌面ページ | Q3: 出典ファイル | R3: 備考 | S3: ガラス記号 | T3: 凡例参照頁 | U3: ガラス凡例キー | V3: ガラス判定状態
A4: SZ-SL-000001 | B4: SER-LIX-SAMOSL | C4: WT-SL-HIKICHIGAI | D4: 単体引違い窓 | F4: 在来・204 | G4: 06003 | H4: 060 | I4: 03 | J4: 640 | K4: 370 | L4: 在来・204｜マド① | M4: TRUE | N4: カタログ規格確認済み | O4: 8 | P4: 6 | Q4: 202604_LIXIL_サーモスＬ_業務用資料集_完成品価格表.pdf | S4: 無印 | T4: 6 | U4: P6|無印 | V4: 同頁凡例へ直接連動
A5: SZ-SL-000002 | B5: SER-LIX-SAMOSL | C5: WT-SL-HIKICHIGAI | D5: 単体引違い窓 | F5: 在来・204 | G5: 06005 | H5: 060 | I5: 05 | J5: 640 | K5: 570 | L5: 在来・204｜マド① | M5: TRUE | N5: カタログ規格確認済み | O5: 8 | P5: 6 | Q5: 202604_LIXIL_サーモスＬ_業務用資料集_完成品価格表.pdf | S5: 無印 | T5: 6 | U5: P6|無印 | V5: 同頁凡例へ直接連動
A6: SZ-SL-000003 | B6: SER-LIX-SAMOSL | C6: WT-SL-HIKICHIGAI | D6: 単体引違い窓 | F6: 在来・204 | G6: 06007 | H6: 060 | I6: 07 | J6: 640 | K6: 770 | L6: 在来・204｜マド① | M6: TRUE | N6: カタログ規格確認済み | O6: 8 | P6: 6 | Q6: 202604_LIXIL_サーモスＬ_業務用資料集_完成品価格表.pdf | S6: 無印 | T6: 6 | U6: P6|無印 | V6: 同頁凡例へ直接連動
A7: SZ-SL-000004 | B7: SER-LIX-SAMOSL | C7: WT-SL-HIKICHIGAI | D7: 単体引違い窓 | F7: 在来・204 | G7: 06009 | H7: 060 | I7: 09 | J7: 640 | K7: 970 | L7: 在来・204｜マド① | M7: TRUE | N7: カタログ規格確認済み | O7: 8 | P7: 6 | Q7: 202604_LIXIL_サーモスＬ_業務用資料集_完成品価格表.pdf | S7: 無印 | T7: 6 | U7: P6|無印 | V7: 同頁凡例へ直接連動
A8: SZ-SL-000005 | B8: SER-LIX-SAMOSL | C8: WT-SL-HIKICHIGAI | D8: 単体引違い窓 | F8: 在来・204 | G8: 06903 | H8: 069 | I8: 03 | J8: 730 | K8: 370 | L8: 在来・204｜マド① | M8: TRUE | N8: カタログ規格確認済み | O8: 8 | P8: 6 | Q8: 202604_LIXIL_サーモスＬ_業務用資料集_完成品価格表.pdf | S8: 無印 | T8: 6 | U8: P6|無印 | V8: 同頁凡例へ直接連動
A9: SZ-SL-000006 | B9: SER-LIX-SAMOSL | C9: WT-SL-HIKICHIGAI | D9: 単体引違い窓 | F9: 在来・204 | G9: 06905 | H9: 069 | I9: 05 | J9: 730 | K9: 570 | L9: 在来・204｜マド① | M9: TRUE | N9: カタログ規格確認済み | O9: 8 | P9: 6 | Q9: 202604_LIXIL_サーモスＬ_業務用資料集_完成品価格表.pdf | S9: 無印 | T9: 6 | U9: P6|無印 | V9: 同頁凡例へ直接連動
A10: SZ-SL-000007 | B10: SER-LIX-SAMOSL | C10: WT-SL-HIKICHIGAI | D10: 単体引違い窓 | F10: 在来・204 | G10: 06907 | H10: 069 | I10: 07 | J10: 730 | K10: 770 | L10: 在来・204｜マド① | M10: TRUE | N10: カタログ規格確認済み | O10: 8 | P10: 6 | Q10: 202604_LIXIL_サーモスＬ_業務用資料集_完成品価格表.pdf | S10: 無印 | T10: 6 | U10: P6|無印 | V10: 同頁凡例へ直接連動
A11: SZ-SL-000008 | B11: SER-LIX-SAMOSL | C11: WT-SL-HIKICHIGAI | D11: 単体引違い窓 | F11: 在来・204 | G11: 06909 | H11: 069 | I11: 09 | J11: 730 | K11: 970 | L11: 在来・204｜マド① | M11: TRUE | N11: カタログ規格確認済み | O11: 8 | P11: 6 | Q11: 202604_LIXIL_サーモスＬ_業務用資料集_完成品価格表.pdf | S11: 無印 | T11: 6 | U11: P6|無印 | V11: 同頁凡例へ直接連動
A12: SZ-SL-000009 | B12: SER-LIX-SAMOSL | C12: WT-SL-HIKICHIGAI | D12: 単体引違い窓 | F12: 在来・204 | G12: 07403 | H12: 074 | I12: 03 | J12: 780 | K12: 370 | L12: 在来・204｜マド① | M12: TRUE | N12: カタログ規格確認済み | O12: 8 | P12: 6 | Q12: 202604_LIXIL_サーモスＬ_業務用資料集_完成品価格表.pdf | S12: 無印 | T12: 6 | U12: P6|無印 | V12: 同頁凡例へ直接連動
A13: SZ-SL-000010 | B13: SER-LIX-SAMOSL | C13: WT-SL-HIKICHIGAI | D13: 単体引違い窓 | F13: 在来・204 | G13: 07405 | H13: 074 | I13: 05 | J13: 780 | K13: 570 | L13: 在来・204｜マド① | M13: TRUE | N13: カタログ規格確認済み | O13: 8 | P13: 6 | Q13: 202604_LIXIL_サーモスＬ_業務用資料集_完成品価格表.pdf | S13: 無印 | T13: 6 | U13: P6|無印 | V13: 同頁凡例へ直接連動
A14: SZ-SL-000011 | B14: SER-LIX-SAMOSL | C14: WT-SL-HIKICHIGAI | D14: 単体引違い窓 | F14: 在来・204 | G14: 07407 | H14: 074 | I14: 07 | J14: 780 | K14: 770 | L14: 在来・204｜マド① | M14: TRUE | N14: カタログ規格確認済み | O14: 8 | P14: 6 | Q14: 202604_LIXIL_サーモスＬ_業務用資料集_完成品価格表.pdf | S14: 無印 | T14: 6 | U14: P6|無印 | V14: 同頁凡例へ直接連動
A15: SZ-SL-000012 | B15: SER-LIX-SAMOSL | C15: WT-SL-HIKICHIGAI | D15: 単体引違い窓 | F15: 在来・204 | G15: 07409 | H15: 074 | I15: 09 | J15: 780 | K15: 970 | L15: 在来・204｜マド① | M15: TRUE | N15: カタログ規格確認済み | O15: 8 | P15: 6 | Q15: 202604_LIXIL_サーモスＬ_業務用資料集_完成品価格表.pdf | S15: 無印 | T15: 6 | U15: P6|無印 | V15: 同頁凡例へ直接連動
... A172: SZ-SL-000169 | B172: SER-LIX-SAMOSL | C172: WT-SL-HIKICHIGAI | D172: 単体引違い窓 | F172: 204 | G172: 24324-2 | H172: 243-2 | I172: 24 | J172: 2470 | K172: 2430 | L172: 204｜テラス② | M172: TRUE | N172: カタログ規格確認済み | O172: 26 | P172: 24 | Q172: 202604_LIXIL_サーモスＬ_業務用資料集_完成品価格表.pdf | S172: ● | T172: 24 | U172: P24|● | V172: 同頁凡例へ直接連動
A173: SZ-SL-000170 | B173: SER-LIX-SAMOSL | C173: WT-SL-SHUTTER-HIKI | D173: シャッター付引違い窓 | E173: SP-SL-SHUT-E-STD | F173: 在来・204 | G173: 11409 | H173: 114 | I173: 09 | J173: 1185 | K173: 970 | L173: 在来・204｜電動 | M173: TRUE | N173: カタログ規格確認済み | O173: 32 | P173: 30 | Q173: 202604_LIXIL_サーモスＬ_業務用資料集_完成品価格表.pdf | S173: 無印 | T173: 30 | U173: P30|無印 | V173: 同頁凡例へ直接連動
A174: SZ-SL-000171 | B174: SER-LIX-SAMOSL | C174: WT-SL-SHUTTER-HIKI | D174: シャッター付引違い窓 | E174: SP-SL-SHUT-E-STD | F174: 在来・204 | G174: 11411 | H174: 114 | I174: 11 | J174: 1185 | K174: 1170 | L174: 在来・204｜電動 | M174: TRUE | N174: カタログ規格確認済み | O174: 32 | P174: 30 | Q174: 202604_LIXIL_サーモスＬ_業務用資料集_完成品価格表.pdf | S174: 無印 | T174: 30 | U174: P30|無印 | V174: 同頁凡例へ直接連動
A175: SZ-SL-000172 | B175: SER-LIX-SAMOSL | C175: WT-SL-SHUTTER-HIKI | D175: シャッター付引違い窓 | E175: SP-SL-SHUT-E-STD | F175: 在来・204 | G175: 11909 | H175: 119 | I175: 09 | J175: 1235 | K175: 970 | L175: 在来・204｜電動 | M175: TRUE | N175: カタログ規格確認済み | O175: 32 | P175: 30 | Q175: 202604_LIXIL_サーモスＬ_業務用資料集_完成品価格表.pdf | S175: 無印 | T175: 30 | U175: P30|無印 | V175: 同頁凡例へ直接連動
A176: SZ-SL-000173 | B176: SER-LIX-SAMOSL | C176: WT-SL-SHUTTER-HIKI | D176: シャッター付引違い窓 | E176: SP-SL-SHUT-E-STD | F176: 在来・204 | G176: 11911 | H176: 119 | I176: 11 | J176: 1235 | K176: 1170 | L176: 在来・204｜電動 | M176: TRUE | N176: カタログ規格確認済み | O176: 32 | P176: 30 | Q176: 202604_LIXIL_サーモスＬ_業務用資料集_完成品価格表.pdf | S176: 無印 | T176: 30 | U176: P30|無印 | V176: 同頁凡例へ直接連動
A177: SZ-SL-000174 | B177: SER-LIX-SAMOSL | C177: WT-SL-SHUTTER-HIKI | D177: シャッター付引違い窓 | E177: SP-SL-SHUT-E-STD | F177: 在来・204 | G177: 12809 | H177: 128 | I177: 09 | J177: 1320 | K177: 970 | L177: 在来・204｜電動 | M177: TRUE | N177: カタログ規格確認済み | O177: 32 | P177: 30 | Q177: 202604_LIXIL_サーモスＬ_業務用資料集_完成品価格表.pdf | S177: 無印 | T177: 30 | U177: P30|無印 | V177: 同頁凡例へ直接連動
A178: SZ-SL-000175 | B178: SER-LIX-SAMOSL | C178: WT-SL-SHUTTER-HIKI | D178: シャッター付引違い窓 | E178: SP-SL-SHUT-E-STD | F178: 在来・204 | G178: 12811 | H178: 128 | I178: 11 | J178: 1320 | K178: 1170 | L178: 在来・204｜電動 | M178: TRUE | N178: カタログ規格確認済み | O178: 32 | P178: 30 | Q178: 202604_LIXIL_サーモスＬ_業務用資料集_完成品価格表.pdf | S178: 無印 | T178: 30 | U178: P30|無印 | V178: 同頁凡例へ直接連動
A179: SZ-SL-000176 | B179: SER-LIX-SAMOSL | C179: WT-SL-SHUTTER-HIKI | D179: シャッター付引違い窓 | E179: SP-SL-SHUT-E-STD | F179: 在来・204 | G179: 13309 | H179: 133 | I179: 09 | J179: 1370 | K179: 970 | L179: 在来・204｜電動 | M179: TRUE | N179: カタログ規格確認済み | O179: 32 | P179: 30 | Q179: 202604_LIXIL_サーモスＬ_業務用資料集_完成品価格表.pdf | S179: 無印 | T179: 30 | U179: P30|無印 | V179: 同頁凡例へ直接連動
A180: SZ-SL-000177 | B180: SER-LIX-SAMOSL | C180: WT-SL-SHUTTER-HIKI | D180: シャッター付引違い窓 | E180: SP-SL-SHUT-E-STD | F180: 在来・204 | G180: 13311 | H180: 133 | I180: 11 | J180: 1370 | K180: 1170 | L180: 在来・204｜電動 | M180: TRUE | N180: カタログ規格確認済み | O180: 32 | P180: 30 | Q180: 202604_LIXIL_サーモスＬ_業務用資料集_完成品価格表.pdf | S180: 無印 | T180: 30 | U180: P30|無印 | V180: 同頁凡例へ直接連動
A181: SZ-SL-000178 | B181: SER-LIX-SAMOSL | C181: WT-SL-SHUTTER-HIKI | D181: シャッター付引違い窓 | E181: SP-SL-SHUT-E-VENT | F181: 在来・204 | G181: 11409 | H181: 114 | I181: 09 | J181: 1185 | K181: 970 | L181: 在来・204｜電動 | M181: TRUE | N181: カタログ個別可否確認済み | O181: 32 | P181: 30 | Q181: 202604_LIXIL_サーモスＬ_業務用資料集_完成品価格表.pdf | R181: 規格呼称は親品種で確認済み。固有仕様ごとの価格設定有無（＿＿表示等）は次QAで最終確定。 | S181: 無印 | T181: 30 | U181: P30|無印 | V181: 同頁凡例へ直接連動
A182: SZ-SL-000179 | B182: SER-LIX-SAMOSL | C182: WT-SL-SHUTTER-HIKI | D182: シャッター付引違い窓 | E182: SP-SL-SHUT-E-VENT | F182: 在来・204 | G182: 11411 | H182: 114 | I182: 11 | J182: 1185 | K182: 1170 | L182: 在来・204｜電動 | M182: TRUE | N182: カタログ個別可否確認済み | O182: 32 | P182: 30 | Q182: 202604_LIXIL_サーモスＬ_業務用資料集_完成品価格表.pdf | R182: 規格呼称は親品種で確認済み。固有仕様ごとの価格設定有無（＿＿表示等）は次QAで最終確定。 | S182: 無印 | T182: 30 | U182: P30|無印 | V182: 同頁凡例へ直接連動
A183: SZ-SL-000180 | B183: SER-LIX-SAMOSL | C183: WT-SL-SHUTTER-HIKI | D183: シャッター付引違い窓 | E183: SP-SL-SHUT-E-VENT | F183: 在来・204 | G183: 11909 | H183: 119 | I183: 09 | J183: 1235 | K183: 970 | L183: 在来・204｜電動 | M183: TRUE | N183: カタログ個別可否確認済み | O183: 32 | P183: 30 | Q183: 202604_LIXIL_サーモスＬ_業務用資料集_完成品価格表.pdf | R183: 規格呼称は親品種で確認済み。固有仕様ごとの価格設定有無（＿＿表示等）は次QAで最終確定。 | S183: 無印 | T183: 30 | U183: P30|無印 | V183: 同頁凡例へ直接連動
A184: SZ-SL-000181 | B184: SER-LIX-SAMOSL | C184: WT-SL-SHUTTER-HIKI | D184: シャッター付引違い窓 | E184: SP-SL-SHUT-E-VENT | F184: 在来・204 | G184: 11911 | H184: 119 | I184: 11 | J184: 1235 | K184: 1170 | L184: 在来・204｜電動 | M184: TRUE | N184: カタログ個別可否確認済み | O184: 32 | P184: 30 | Q184: 202604_LIXIL_サーモスＬ_業務用資料集_完成品価格表.pdf | R184: 規格呼称は親品種で確認済み。固有仕様ごとの価格設定有無（＿＿表示等）は次QAで最終確定。 | S184: 無印 | T184: 30 | U184: P30|無印 | V184: 同頁凡例へ直接連動
A185: SZ-SL-000182 | B185: SER-LIX-SAMOSL | C185: WT-SL-SHUTTER-HIKI | D185: シャッター付引違い窓 | E185: SP-SL-SHUT-E-VENT | F185: 在来・204 | G185: 12809 | H185: 128 | I185: 09 | J185: 1320 | K185: 970 | L185: 在来・204｜電動 | M185: TRUE | N185: カタログ個別可否確認済み | O185: 32 | P185: 30 | Q185: 202604_LIXIL_サーモスＬ_業務用資料集_完成品価格表.pdf | R185: 規格呼称は親品種で確認済み。固有仕様ごとの価格設定有無（＿＿表示等）は次QAで最終確定。 | S185: 無印 | T185: 30 | U185: P30|無印 | V185: 同頁凡例へ直接連動
A186: SZ-SL-000183 | B186: SER-LIX-SAMOSL | C186: WT-SL-SHUTTER-HIKI | D186: シャッター付引違い窓 | E186: SP-SL-SHUT-E-VENT | F186: 在来・204 | G186: 12811 | H186: 128 | I186: 11 | J186: 1320 | K186: 1170 | L186: 在来・204｜電動 | M186: TRUE | N186: カタログ個別可否確認済み | O186: 32 | P186: 30 | Q186: 202604_LIXIL_サーモスＬ_業務用資料集_完成品価格表.pdf | R186: 規格呼称は親品種で確認済み。固有仕様ごとの価格設定有無（＿＿表示等）は次QAで最終確定。 | S186: 無印 | T186: 30 | U186: P30|無印 | V186: 同頁凡例へ直接連動
A187: SZ-SL-000184 | B187: SER-LIX-SAMOSL | C187: WT-SL-SHUTTER-HIKI | D187: シャッター付引違い窓 | E187: SP-SL-SHUT-E-VENT | F187: 在来・204 | G187: 13309 | H187: 133 | I187: 09 | J187: 1370 | K187: 970 | L187: 在来・204｜電動 | M187: TRUE | N187: カタログ個別可否確認済み | O187: 32 | P187: 30 | Q187: 202604_LIXIL_サーモスＬ_業務用資料集_完成品価格表.pdf | R187: 規格呼称は親品種で確認済み。固有仕様ごとの価格設定有無（＿＿表示等）は次QAで最終確定。 | S187: 無印 | T187: 30 | U187: P30|無印 | V187: 同頁凡例へ直接連動
A188: SZ-SL-000185 | B188: SER-LIX-SAMOSL | C188: WT-SL-SHUTTER-HIKI | D188: シャッター付引違い窓 | E188: SP-SL-SHUT-E-VENT | F188: 在来・204 | G188: 13311 | H188: 133 | I188: 11 | J188: 1370 | K188: 1170 | L188: 在来・204｜電動 | M188: TRUE | N188: カタログ個別可否確認済み | O188: 32 | P188: 30 | Q188: 202604_LIXIL_サーモスＬ_業務用資料集_完成品価格表.pdf | R188: 規格呼称は親品種で確認済み。固有仕様ごとの価格設定有無（＿＿表示等）は次QAで最終確定。 | S188: 無印 | T188: 30 | U188: P30|無印 | V188: 同頁凡例へ直接連動
A189: SZ-SL-000186 | B189: SER-LIX-SAMOSL | C189: WT-SL-SHUTTER-HIKI | D189: シャッター付引違い窓 | E189: SP-SL-SHUT-E-WIND | F189: 在来・204 | G189: 11409 | H189: 114 | I189: 09 | J189: 1185 | K189: 970 | L189: 在来・204｜電動 | M189: TRUE | N189: カタログ個別可否確認済み | O189: 32 | P189: 30 | Q189: 202604_LIXIL_サーモスＬ_業務用資料集_完成品価格表.pdf | R189: 規格呼称は親品種で確認済み。固有仕様ごとの価格設定有無（＿＿表示等）は次QAで最終確定。 | S189: 無印 | T189: 30 | U189: P30|無印 | V189: 同頁凡例へ直接連動
A190: SZ-SL-000187 | B190: SER-LIX-SAMOSL | C190: WT-SL-SHUTTER-HIKI | D190: シャッター付引違い窓 | E190: SP-SL-SHUT-E-WIND | F190: 在来・204 | G190: 11411 | H190: 114 | I190: 11 | J190: 1185 | K190: 1170 | L190: 在来・204｜電動 | M190: TRUE | N190: カタログ個別可否確認済み | O190: 32 | P190: 30 | Q190: 202604_LIXIL_サーモスＬ_業務用資料集_完成品価格表.pdf | R190: 規格呼称は親品種で確認済み。固有仕様ごとの価格設定有無（＿＿表示等）は次QAで最終確定。 | S190: 無印 | T190: 30 | U190: P30|無印 | V190: 同頁凡例へ直接連動
A191: SZ-SL-000188 | B191: SER-LIX-SAMOSL | C191: WT-SL-SHUTTER-HIKI | D191: シャッター付引違い窓 | E191: SP-SL-SHUT-E-WIND | F191: 在来・204 | G191: 11909 | H191: 119 | I191: 09 | J191: 1235 | K191: 970 | L191: 在来・204｜電動 | M191: TRUE | N191: カタログ個別可否確認済み | O191: 32 | P191: 30 | Q191: 202604_LIXIL_サーモスＬ_業務用資料集_完成品価格表.pdf | R191: 規格呼称は親品種で確認済み。固有仕様ごとの価格設定有無（＿＿表示等）は次QAで最終確定。 | S191: 無印 | T191: 30 | U191: P30|無印 | V191: 同頁凡例へ直接連動
A192: SZ-SL-000189 | B192: SER-LIX-SAMOSL | C192: WT-SL-SHUTTER-HIKI | D192: シャッター付引違い窓 | E192: SP-SL-SHUT-E-WIND | F192: 在来・204 | G192: 11911 | H192: 119 | I192: 11 | J192: 1235 | K192: 1170 | L192: 在来・204｜電動 | M192: TRUE | N192: カタログ個別可否確認済み | O192: 32 | P192: 30 | Q192: 202604_LIXIL_サーモスＬ_業務用資料集_完成品価格表.pdf | R192: 規格呼称は親品種で確認済み。固有仕様ごとの価格設定有無（＿＿表示等）は次QAで最終確定。 | S192: 無印 | T192: 30 | U192: P30|無印 | V192: 同頁凡例へ直接連動
... A196: SZ-SL-000193 | B196: SER-LIX-SAMOSL | C196: WT-SL-SHUTTER-HIKI | D196: シャッター付引違い窓 | E196: SP-SL-SHUT-E-WIND | F196: 在来・204 | G196: 13311 | H196: 133 | I196: 11 | J196: 1370 | K196: 1170 | L196: 在来・204｜電動 | M196: FALSE | N196: 設定なし（価格表確認済み） | O196: 32 | P196: 30 | Q196: 202604_LIXIL_サーモスＬ_業務用資料集_完成品価格表.pdf | R196: 規格呼称は親品種で確認済み。固有仕様ごとの価格設定有無（＿＿表示等）は次QAで最終確定。 | S196: 無印 | T196: 30 | U196: P30|無印 | V196: 同頁凡例へ直接連動
A197: SZ-SL-000194 | B197: SER-LIX-SAMOSL | C197: WT-SL-SHUTTER-HIKI | D197: シャッター付引違い窓 | E197: SP-SL-SHUT-E-STD | F197: 在来・204 | G197: 15009 | H197: 150 | I197: 09 | J197: 1540 | K197: 970 | L197: 在来・204｜電動 | M197: TRUE | N197: カタログ規格確認済み | O197: 33 | P197: 31 | Q197: 202604_LIXIL_サーモスＬ_業務用資料集_完成品価格表.pdf | S197: 無印 | T197: 30 | U197: P30|無印 | V197: 同一価格表・前頁凡例を継承
A198: SZ-SL-000195 | B198: SER-LIX-SAMOSL | C198: WT-SL-SHUTTER-HIKI | D198: シャッター付引違い窓 | E198: SP-SL-SHUT-E-STD | F198: 在来・204 | G198: 15011 | H198: 150 | I198: 11 | J198: 1540 | K198: 1170 | L198: 在来・204｜電動 | M198: TRUE | N198: カタログ規格確認済み | O198: 33 | P198: 31 | Q198: 202604_LIXIL_サーモスＬ_業務用資料集_完成品価格表.pdf | S198: 無印 | T198: 30 | U198: P30|無印 | V198: 同一価格表・前頁凡例を継承
A199: SZ-SL-000196 | B199: SER-LIX-SAMOSL | C199: WT-SL-SHUTTER-HIKI | D199: シャッター付引違い窓 | E199: SP-SL-SHUT-E-STD | F199: 在来・204 | G199: 16009 | H199: 160 | I199: 09 | J199: 1640 | K199: 970 | L199: 在来・204｜電動 | M199: TRUE | N199: カタログ規格確認済み | O199: 33 | P199: 31 | Q199: 202604_LIXIL_サーモスＬ_業務用資料集_完成品価格表.pdf | S199: 無印 | T199: 30 | U199: P30|無印 | V199: 同一価格表・前頁凡例を継承
A200: SZ-SL-000197 | B200: SER-LIX-SAMOSL | C200: WT-SL-SHUTTER-HIKI | D200: シャッター付引違い窓 | E200: SP-SL-SHUT-E-STD | F200: 在来・204 | G200: 16011 | H200: 160 | I200: 11 | J200: 1640 | K200: 1170 | L200: 在来・204｜電動 | M200: TRUE | N200: カタログ規格確認済み | O200: 33 | P200: 31 | Q200: 202604_LIXIL_サーモスＬ_業務用資料集_完成品価格表.pdf | S200: 無印 | T200: 30 | U200: P30|無印 | V200: 同一価格表・前頁凡例を継承
A201: SZ-SL-000198 | B201: SER-LIX-SAMOSL | C201: WT-SL-SHUTTER-HIKI | D201: シャッター付引違い窓 | E201: SP-SL-SHUT-E-STD | F201: 在来・204 | G201: 16507 | H201: 165 | I201: 07 | J201: 1690 | K201: 770 | L201: 在来・204｜電動 | M201: TRUE | N201: カタログ規格確認済み | O201: 33 | P201: 31 | Q201: 202604_LIXIL_サーモスＬ_業務用資料集_完成品価格表.pdf | S201: 無印 | T201: 30 | U201: P30|無印 | V201: 同一価格表・前頁凡例を継承
A202: SZ-SL-000199 | B202: SER-LIX-SAMOSL | C202: WT-SL-SHUTTER-HIKI | D202: シャッター付引違い窓 | E202: SP-SL-SHUT-E-STD | F202: 在来・204 | G202: 16509 | H202: 165 | I202: 09 | J202: 1690 | K202: 970 | L202: 在来・204｜電動 | M202: TRUE | N202: カタログ規格確認済み | O202: 33 | P202: 31 | Q202: 202604_LIXIL_サーモスＬ_業務用資料集_完成品価格表.pdf | S202: 無印 | T202: 30 | U202: P30|無印 | V202: 同一価格表・前頁凡例を継承
A203: SZ-SL-000200 | B203: SER-LIX-SAMOSL | C203: WT-SL-SHUTTER-HIKI | D203: シャッター付引違い窓 | E203: SP-SL-SHUT-E-STD | F203: 在来・204 | G203: 16511 | H203: 165 | I203: 11 | J203: 1690 | K203: 1170 | L203: 在来・204｜電動 | M203: TRUE | N203: カタログ規格確認済み | O203: 33 | P203: 31 | Q203: 202604_LIXIL_サーモスＬ_業務用資料集_完成品価格表.pdf | S203: 無印 | T203: 30 | U203: P30|無印 | V203: 同一価格表・前頁凡例を継承
A204: SZ-SL-000201 | B204: SER-LIX-SAMOSL | C204: WT-SL-SHUTTER-HIKI | D204: シャッター付引違い窓 | E204: SP-SL-SHUT-E-STD | F204: 在来・204 | G204: 17409 | H204: 174 | I204: 09 | J204: 1780 | K204: 970 | L204: 在来・204｜電動 | M204: TRUE | N204: カタログ規格確認済み | O204: 33 | P204: 31 | Q204: 202604_LIXIL_サーモスＬ_業務用資料集_完成品価格表.pdf | S204: 無印 | T204: 30 | U204: P30|無印 | V204: 同一価格表・前頁凡例を継承
A205: SZ-SL-000202 | B205: SER-LIX-SAMOSL | C205: WT-SL-SHUTTER-HIKI | D205: シャッター付引違い窓 | E205: SP-SL-SHUT-E-STD | F205: 在来・204 | G205: 17411 | H205: 174 | I205: 11 | J205: 1780 | K205: 1170 | L205: 在来・204｜電動 | M205: TRUE | N205: カタログ規格確認済み | O205: 33 | P205: 31 | Q205: 202604_LIXIL_サーモスＬ_業務用資料集_完成品価格表.pdf | S205: 無印 | T205: 30 | U205: P30|無印 | V205: 同一価格表・前頁凡例を継承
A206: SZ-SL-000203 | B206: SER-LIX-SAMOSL | C206: WT-SL-SHUTTER-HIKI | D206: シャッター付引違い窓 | E206: SP-SL-SHUT-E-STD | F206: 在来・204 | G206: 17609 | H206: 176 | I206: 09 | J206: 1800 | K206: 970 | L206: 在来・204｜電動 | M206: TRUE | N206: カタログ規格確認済み | O206: 33 | P206: 31 | Q206: 202604_LIXIL_サーモスＬ_業務用資料集_完成品価格表.pdf | S206: 無印 | T206: 30 | U206: P30|無印 | V206: 同一価格表・前頁凡例を継承
A207: SZ-SL-000204 | B207: SER-LIX-SAMOSL | C207: WT-SL-SHUTTER-HIKI | D207: シャッター付引違い窓 | E207: SP-SL-SHUT-E-STD | F207: 在来・204 | G207: 17611 | H207: 176 | I207: 11 | J207: 1800 | K207: 1170 | L207: 在来・204｜電動 | M207: TRUE | N207: カタログ規格確認済み | O207: 33 | P207: 31 | Q207: 202604_LIXIL_サーモスＬ_業務用資料集_完成品価格表.pdf | S207: 無印 | T207: 30 | U207: P30|無印 | V207: 同一価格表・前頁凡例を継承
A208: SZ-SL-000205 | B208: SER-LIX-SAMOSL | C208: WT-SL-SHUTTER-HIKI | D208: シャッター付引違い窓 | E208: SP-SL-SHUT-E-VENT | F208: 在来・204 | G208: 15009 | H208: 150 | I208: 09 | J208: 1540 | K208: 970 | L208: 在来・204｜電動 | M208: TRUE | N208: カタログ個別可否確認済み | O208: 33 | P208: 31 | Q208: 202604_LIXIL_サーモスＬ_業務用資料集_完成品価格表.pdf | R208: 規格呼称は親品種で確認済み。固有仕様ごとの価格設定有無（＿＿表示等）は次QAで最終確定。 | S208: 無印 | T208: 30 | U208: P30|無印 | V208: 同一価格表・前頁凡例を継承
A209: SZ-SL-000206 | B209: SER-LIX-SAMOSL | C209: WT-SL-SHUTTER-HIKI | D209: シャッター付引違い窓 | E209: SP-SL-SHUT-E-VENT | F209: 在来・204 | G209: 15011 | H209: 150 | I209: 11 | J209: 1540 | K209: 1170 | L209: 在来・204｜電動 | M209: TRUE | N209: カタログ個別可否確認済み | O209: 33 | P209: 31 | Q209: 202604_LIXIL_サーモスＬ_業務用資料集_完成品価格表.pdf | R209: 規格呼称は親品種で確認済み。固有仕様ごとの価格設定有無（＿＿表示等）は次QAで最終確定。 | S209: 無印 | T209: 30 | U209: P30|無印 | V209: 同一価格表・前頁凡例を継承
A210: SZ-SL-000207 | B210: SER-LIX-SAMOSL | C210: WT-SL-SHUTTER-HIKI | D210: シャッター付引違い窓 | E210: SP-SL-SHUT-E-VENT | F210: 在来・204 | G210: 16009 | H210: 160 | I210: 09 | J210: 1640 | K210: 970 | L210: 在来・204｜電動 | M210: TRUE | N210: カタログ個別可否確認済み | O210: 33 | P210: 31 | Q210: 202604_LIXIL_サーモスＬ_業務用資料集_完成品価格表.pdf | R210: 規格呼称は親品種で確認済み。固有仕様ごとの価格設定有無（＿＿表示等）は次QAで最終確定。 | S210: 無印 | T210: 30 | U210: P30|無印 | V210: 同一価格表・前頁凡例を継承
A211: SZ-SL-000208 | B211: SER-LIX-SAMOSL | C211: WT-SL-SHUTTER-HIKI | D211: シャッター付引違い窓 | E211: SP-SL-SHUT-E-VENT | F211: 在来・204 | G211: 16011 | H211: 160 | I211: 11 | J211: 1640 | K211: 1170 | L211: 在来・204｜電動 | M211: TRUE | N211: カタログ個別可否確認済み | O211: 33 | P211: 31 | Q211: 202604_LIXIL_サーモスＬ_業務用資料集_完成品価格表.pdf | R211: 規格呼称は親品種で確認済み。固有仕様ごとの価格設定有無（＿＿表示等）は次QAで最終確定。 | S211: 無印 | T211: 30 | U211: P30|無印 | V211: 同一価格表・前頁凡例を継承
A212: SZ-SL-000209 | B212: SER-LIX-SAMOSL | C212: WT-SL-SHUTTER-HIKI | D212: シャッター付引違い窓 | E212: SP-SL-SHUT-E-VENT | F212: 在来・204 | G212: 16507 | H212: 165 | I212: 07 | J212: 1690 | K212: 770 | L212: 在来・204｜電動 | M212: TRUE | N212: カタログ個別可否確認済み | O212: 33 | P212: 31 | Q212: 202604_LIXIL_サーモスＬ_業務用資料集_完成品価格表.pdf | R212: 規格呼称は親品種で確認済み。固有仕様ごとの価格設定有無（＿＿表示等）は次QAで最終確定。 | S212: 無印 | T212: 30 | U212: P30|無印 | V212: 同一価格表・前頁凡例を継承
A213: SZ-SL-000210 | B213: SER-LIX-SAMOSL | C213: WT-SL-SHUTTER-HIKI | D213: シャッター付引違い窓 | E213: SP-SL-SHUT-E-VENT | F213: 在来・204 | G213: 16509 | H213: 165 | I213: 09 | J213: 1690 | K213: 970 | L213: 在来・204｜電動 | M213: TRUE | N213: カタログ個別可否確認済み | O213: 33 | P213: 31 | Q213: 202604_LIXIL_サーモスＬ_業務用資料集_完成品価格表.pdf | R213: 規格呼称は親品種で確認済み。固有仕様ごとの価格設定有無（＿＿表示等）は次QAで最終確定。 | S213: 無印 | T213: 30 | U213: P30|無印 | V213: 同一価格表・前頁凡例を継承
A214: SZ-SL-000211 | B214: SER-LIX-SAMOSL | C214: WT-SL-SHUTTER-HIKI | D214: シャッター付引違い窓 | E214: SP-SL-SHUT-E-VENT | F214: 在来・204 | G214: 16511 | H214: 165 | I214: 11 | J214: 1690 | K214: 1170 | L214: 在来・204｜電動 | M214: TRUE | N214: カタログ個別可否確認済み | O214: 33 | P214: 31 | Q214: 202604_LIXIL_サーモスＬ_業務用資料集_完成品価格表.pdf | R214: 規格呼称は親品種で確認済み。固有仕様ごとの価格設定有無（＿＿表示等）は次QAで最終確定。 | S214: 無印 | T214: 30 | U214: P30|無印 | V214: 同一価格表・前頁凡例を継承
A215: SZ-SL-000212 | B215: SER-LIX-SAMOSL | C215: WT-SL-SHUTTER-HIKI | D215: シャッター付引違い窓 | E215: SP-SL-SHUT-E-VENT | F215: 在来・204 | G215: 17409 | H215: 174 | I215: 09 | J215: 1780 | K215: 970 | L215: 在来・204｜電動 | M215: TRUE | N215: カタログ個別可否確認済み | O215: 33 | P215: 31 | Q215: 202604_LIXIL_サーモスＬ_業務用資料集_完成品価格表.pdf | R215: 規格呼称は親品種で確認済み。固有仕様ごとの価格設定有無（＿＿表示等）は次QAで最終確定。 | S215: 無印 | T215: 30 | U215: P30|無印 | V215: 同一価格表・前頁凡例を継承
A216: SZ-SL-000213 | B216: SER-LIX-SAMOSL | C216: WT-SL-SHUTTER-HIKI | D216: シャッター付引違い窓 | E216: SP-SL-SHUT-E-VENT | F216: 在来・204 | G216: 17411 | H216: 174 | I216: 11 | J216: 1780 | K216: 1170 | L216: 在来・204｜電動 | M216: TRUE | N216: カタログ個別可否確認済み | O216: 33 | P216: 31 | Q216: 202604_LIXIL_サーモスＬ_業務用資料集_完成品価格表.pdf | R216: 規格呼称は親品種で確認済み。固有仕様ごとの価格設定有無（＿＿表示等）は次QAで最終確定。 | S216: 無印 | T216: 30 | U216: P30|無印 | V216: 同一価格表・前頁凡例を継承
A217: SZ-SL-000214 | B217: SER-LIX-SAMOSL | C217: WT-SL-SHUTTER-HIKI | D217: シャッター付引違い窓 | E217: SP-SL-SHUT-E-VENT | F217: 在来・204 | G217: 17609 | H217: 176 | I217: 09 | J217: 1800 | K217: 970 | L217: 在来・204｜電動 | M217: TRUE | N217: カタログ個別可否確認済み | O217: 33 | P217: 31 | Q217: 202604_LIXIL_サーモスＬ_業務用資料集_完成品価格表.pdf | R217: 規格呼称は親品種で確認済み。固有仕様ごとの価格設定有無（＿＿表示等）は次QAで最終確定。 | S217: 無印 | T217: 30 | U217: P30|無印 | V217: 同一価格表・前頁凡例を継承
A218: SZ-SL-000215 | B218: SER-LIX-SAMOSL | C218: WT-SL-SHUTTER-HIKI | D218: シャッター付引違い窓 | E218: SP-SL-SHUT-E-VENT | F218: 在来・204 | G218: 17611 | H218: 176 | I218: 11 | J218: 1800 | K218: 1170 | L218: 在来・204｜電動 | M218: TRUE | N218: カタログ個別可否確認済み | O218: 33 | P218: 31 | Q218: 202604_LIXIL_サーモスＬ_業務用資料集_完成品価格表.pdf | R218: 規格呼称は親品種で確認済み。固有仕様ごとの価格設定有無（＿＿表示等）は次QAで最終確定。 | S218: 無印 | T218: 30 | U218: P30|無印 | V218: 同一価格表・前頁凡例を継承
A219: SZ-SL-000216 | B219: SER-LIX-SAMOSL | C219: WT-SL-SHUTTER-HIKI | D219: シャッター付引違い窓 | E219: SP-SL-SHUT-E-WIND | F219: 在来・204 | G219: 15009 | H219: 150 | I219: 09 | J219: 1540 | K219: 970 | L219: 在来・204｜電動 | M219: TRUE | N219: カタログ個別可否確認済み | O219: 33 | P219: 31 | Q219: 202604_LIXIL_サーモスＬ_業務用資料集_完成品価格表.pdf | R219: 規格呼称は親品種で確認済み。固有仕様ごとの価格設定有無（＿＿表示等）は次QAで最終確定。 | S219: 無印 | T219: 30 | U219: P30|無印 | V219: 同一価格表・前頁凡例を継承
... A229: SZ-SL-000226 | B229: SER-LIX-SAMOSL | C229: WT-SL-SHUTTER-HIKI | D229: シャッター付引違い窓 | E229: SP-SL-SHUT-E-WIND | F229: 在来・204 | G229: 17611 | H229: 176 | I229: 11 | J229: 1800 | K229: 1170 | L229: 在来・204｜電動 | M229: FALSE | N229: 設定なし（価格表確認済み） | O229: 33 | P229: 31 | Q229: 202604_LIXIL_サーモスＬ_業務用資料集_完成品価格表.pdf | R229: 規格呼称は親品種で確認済み。固有仕様ごとの価格設定有無（＿＿表示等）は次QAで最終確定。 | S229: 無印 | T229: 30 | U229: P30|無印 | V229: 同一価格表・前頁凡例を継承
A230: SZ-SL-000227 | B230: SER-LIX-SAMOSL | C230: WT-SL-SHUTTER-HIKI | D230: シャッター付引違い窓 | E230: SP-SL-SHUT-E-STD | F230: 在来・204 | G230: 18009 | H230: 180 | I230: 09 | J230: 1845 | K230: 970 | L230: 在来・204｜電動 | M230: TRUE | N230: カタログ規格確認済み | O230: 34 | P230: 32 | Q230: 202604_LIXIL_サーモスＬ_業務用資料集_完成品価格表.pdf | S230: 無印 | T230: 33 | U230: P33|無印 | V230: 同一価格表・次頁凡例を継承
A231: SZ-SL-000228 | B231: SER-LIX-SAMOSL | C231: WT-SL-SHUTTER-HIKI | D231: シャッター付引違い窓 | E231: SP-SL-SHUT-E-STD | F231: 在来・204 | G231: 18011 | H231: 180 | I231: 11 | J231: 1845 | K231: 1170 | L231: 在来・204｜電動 | M231: TRUE | N231: カタログ規格確認済み | O231: 34 | P231: 32 | Q231: 202604_LIXIL_サーモスＬ_業務用資料集_完成品価格表.pdf | S231: 無印 | T231: 33 | U231: P33|無印 | V231: 同一価格表・次頁凡例を継承
A232: SZ-SL-000229 | B232: SER-LIX-SAMOSL | C232: WT-SL-SHUTTER-HIKI | D232: シャッター付引違い窓 | E232: SP-SL-SHUT-E-STD | F232: 在来・204 | G232: 18609 | H232: 186 | I232: 09 | J232: 1900 | K232: 970 | L232: 在来・204｜電動 | M232: TRUE | N232: カタログ規格確認済み | O232: 34 | P232: 32 | Q232: 202604_LIXIL_サーモスＬ_業務用資料集_完成品価格表.pdf | S232: 無印 | T232: 33 | U232: P33|無印 | V232: 同一価格表・次頁凡例を継承
A233: SZ-SL-000230 | B233: SER-LIX-SAMOSL | C233: WT-SL-SHUTTER-HIKI | D233: シャッター付引違い窓 | E233: SP-SL-SHUT-E-STD | F233: 在来・204 | G233: 18611 | H233: 186 | I233: 11 | J233: 1900 | K233: 1170 | L233: 在来・204｜電動 | M233: TRUE | N233: カタログ規格確認済み | O233: 34 | P233: 32 | Q233: 202604_LIXIL_サーモスＬ_業務用資料集_完成品価格表.pdf | S233: ★ | T233: 33 | U233: P33|★ | V233: 同一価格表・次頁凡例を継承
A234: SZ-SL-000231 | B234: SER-LIX-SAMOSL | C234: WT-SL-SHUTTER-HIKI | D234: シャッター付引違い窓 | E234: SP-SL-SHUT-E-VENT | F234: 在来・204 | G234: 18009 | H234: 180 | I234: 09 | J234: 1845 | K234: 970 | L234: 在来・204｜電動 | M234: TRUE | N234: カタログ個別可否確認済み | O234: 34 | P234: 32 | Q234: 202604_LIXIL_サーモスＬ_業務用資料集_完成品価格表.pdf | R234: 規格呼称は親品種で確認済み。固有仕様ごとの価格設定有無（＿＿表示等）は次QAで最終確定。 | S234: 無印 | T234: 33 | U234: P33|無印 | V234: 同一価格表・次頁凡例を継承
A235: SZ-SL-000232 | B235: SER-LIX-SAMOSL | C235: WT-SL-SHUTTER-HIKI | D235: シャッター付引違い窓 | E235: SP-SL-SHUT-E-VENT | F235: 在来・204 | G235: 18011 | H235: 180 | I235: 11 | J235: 1845 | K235: 1170 | L235: 在来・204｜電動 | M235: TRUE | N235: カタログ個別可否確認済み | O235: 34 | P235: 32 | Q235: 202604_LIXIL_サーモスＬ_業務用資料集_完成品価格表.pdf | R235: 規格呼称は親品種で確認済み。固有仕様ごとの価格設定有無（＿＿表示等）は次QAで最終確定。 | S235: 無印 | T235: 33 | U235: P33|無印 | V235: 同一価格表・次頁凡例を継承
A236: SZ-SL-000233 | B236: SER-LIX-SAMOSL | C236: WT-SL-SHUTTER-HIKI | D236: シャッター付引違い窓 | E236: SP-SL-SHUT-E-VENT | F236: 在来・204 | G236: 18609 | H236: 186 | I236: 09 | J236: 1900 | K236: 970 | L236: 在来・204｜電動 | M236: TRUE | N236: カタログ個別可否確認済み | O236: 34 | P236: 32 | Q236: 202604_LIXIL_サーモスＬ_業務用資料集_完成品価格表.pdf | R236: 規格呼称は親品種で確認済み。固有仕様ごとの価格設定有無（＿＿表示等）は次QAで最終確定。 | S236: 無印 | T236: 33 | U236: P33|無印 | V236: 同一価格表・次頁凡例を継承
A237: SZ-SL-000234 | B237: SER-LIX-SAMOSL | C237: WT-SL-SHUTTER-HIKI | D237: シャッター付引違い窓 | E237: SP-SL-SHUT-E-VENT | F237: 在来・204 | G237: 18611 | H237: 186 | I237: 11 | J237: 1900 | K237: 1170 | L237: 在来・204｜電動 | M237: TRUE | N237: カタログ個別可否確認済み | O237: 34 | P237: 32 | Q237: 202604_LIXIL_サーモスＬ_業務用資料集_完成品価格表.pdf | R237: 規格呼称は親品種で確認済み。固有仕様ごとの価格設定有無（＿＿表示等）は次QAで最終確定。 | S237: ★ | T237: 33 | U237: P33|★ | V237: 同一価格表・次頁凡例を継承
A238: SZ-SL-000235 | B238: SER-LIX-SAMOSL | C238: WT-SL-SHUTTER-HIKI | D238: シャッター付引違い窓 | E238: SP-SL-SHUT-E-WIND | F238: 在来・204 | G238: 18009 | H238: 180 | I238: 09 | J238: 1845 | K238: 970 | L238: 在来・204｜電動 | M238: FALSE | N238: 設定なし（価格表確認済み） | O238: 34 | P238: 32 | Q238: 202604_LIXIL_サーモスＬ_業務用資料集_完成品価格表.pdf | R238: 規格呼称は親品種で確認済み。固有仕様ごとの価格設定有無（＿＿表示等）は次QAで最終確定。 | S238: 無印 | T238: 33 | U238: P33|無印 | V238: 同一価格表・次頁凡例を継承
A239: SZ-SL-000236 | B239: SER-LIX-SAMOSL | C239: WT-SL-SHUTTER-HIKI | D239: シャッター付引違い窓 | E239: SP-SL-SHUT-E-WIND | F239: 在来・204 | G239: 18011 | H239: 180 | I239: 11 | J239: 1845 | K239: 1170 | L239: 在来・204｜電動 | M239: FALSE | N239: 設定なし（価格表確認済み） | O239: 34 | P239: 32 | Q239: 202604_LIXIL_サーモスＬ_業務用資料集_完成品価格表.pdf | R239: 規格呼称は親品種で確認済み。固有仕様ごとの価格設定有無（＿＿表示等）は次QAで最終確定。 | S239: 無印 | T239: 33 | U239: P33|無印 | V239: 同一価格表・次頁凡例を継承
A240: SZ-SL-000237 | B240: SER-LIX-SAMOSL | C240: WT-SL-SHUTTER-HIKI | D240: シャッター付引違い窓 | E240: SP-SL-SHUT-E-WIND | F240: 在来・204 | G240: 18609 | H240: 186 | I240: 09 | J240: 1900 | K240: 970 | L240: 在来・204｜電動 | M240: FALSE | N240: 設定なし（価格表確認済み） | O240: 34 | P240: 32 | Q240: 202604_LIXIL_サーモスＬ_業務用資料集_完成品価格表.pdf | R240: 規格呼称は親品種で確認済み。固有仕様ごとの価格設定有無（＿＿表示等）は次QAで最終確定。 | S240: 無印 | T240: 33 | U240: P33|無印 | V240: 同一価格表・次頁凡例を継承
A241: SZ-SL-000238 | B241: SER-LIX-SAMOSL | C241: WT-SL-SHUTTER-HIKI | D241: シャッター付引違い窓 | E241: SP-SL-SHUT-E-WIND | F241: 在来・204 | G241: 18611 | H241: 186 | I241: 11 | J241: 1900 | K241: 1170 | L241: 在来・204｜電動 | M241: FALSE | N241: 設定なし（価格表確認済み） | O241: 34 | P241: 32 | Q241: 202604_LIXIL_サーモスＬ_業務用資料集_完成品価格表.pdf | R241: 規格呼称は親品種で確認済み。固有仕様ごとの価格設定有無（＿＿表示等）は次QAで最終確定。 | S241: ★ | T241: 33 | U241: P33|★ | V241: 同一価格表・次頁凡例を継承
A242: SZ-SL-000239 | B242: SER-LIX-SAMOSL | C242: WT-SL-SHUTTER-HIKI | D242: シャッター付引違い窓 | E242: SP-SL-SHUT-E-STD | F242: 在来・204 | G242: 25111-2 | H242: 251-2 | I242: 11 | J242: 2550 | K242: 1170 | L242: 在来・204｜電動 | M242: TRUE | N242: カタログ規格確認済み | O242: 35 | P242: 33 | Q242: 202604_LIXIL_サーモスＬ_業務用資料集_完成品価格表.pdf | S242: ☆ | T242: 33 | U242: P33|☆ | V242: 同頁凡例へ直接連動
A243: SZ-SL-000240 | B243: SER-LIX-SAMOSL | C243: WT-SL-SHUTTER-HIKI | D243: シャッター付引違い窓 | E243: SP-SL-SHUT-E-STD | F243: 在来・204 | G243: 25111-4 | H243: 251-4 | I243: 11 | J243: 2550 | K243: 1170 | L243: 在来・204｜電動 | M243: TRUE | N243: カタログ規格確認済み | O243: 35 | P243: 33 | Q243: 202604_LIXIL_サーモスＬ_業務用資料集_完成品価格表.pdf | S243: 無印 | T243: 33 | U243: P33|無印 | V243: 同頁凡例へ直接連動
A244: SZ-SL-000241 | B244: SER-LIX-SAMOSL | C244: WT-SL-SHUTTER-HIKI | D244: シャッター付引違い窓 | E244: SP-SL-SHUT-E-STD | F244: 在来・204 | G244: 25611-2 | H244: 256-2 | I244: 11 | J244: 2600 | K244: 1170 | L244: 在来・204｜電動 | M244: TRUE | N244: カタログ規格確認済み | O244: 35 | P244: 33 | Q244: 202604_LIXIL_サーモスＬ_業務用資料集_完成品価格表.pdf | S244: ☆ | T244: 33 | U244: P33|☆ | V244: 同頁凡例へ直接連動
A245: SZ-SL-000242 | B245: SER-LIX-SAMOSL | C245: WT-SL-SHUTTER-HIKI | D245: シャッター付引違い窓 | E245: SP-SL-SHUT-E-STD | F245: 在来・204 | G245: 25611-4 | H245: 256-4 | I245: 11 | J245: 2600 | K245: 1170 | L245: 在来・204｜電動 | M245: TRUE | N245: カタログ規格確認済み | O245: 35 | P245: 33 | Q245: 202604_LIXIL_サーモスＬ_業務用資料集_完成品価格表.pdf | S245: 無印 | T245: 33 | U245: P33|無印 | V245: 同頁凡例へ直接連動
A246: SZ-SL-000243 | B246: SER-LIX-SAMOSL | C246: WT-SL-SHUTTER-HIKI | D246: シャッター付引違い窓 | E246: SP-SL-SHUT-E-VENT | F246: 在来・204 | G246: 25111-2 | H246: 251-2 | I246: 11 | J246: 2550 | K246: 1170 | L246: 在来・204｜電動 | M246: TRUE | N246: カタログ個別可否確認済み | O246: 35 | P246: 33 | Q246: 202604_LIXIL_サーモスＬ_業務用資料集_完成品価格表.pdf | R246: 規格呼称は親品種で確認済み。固有仕様ごとの価格設定有無（＿＿表示等）は次QAで最終確定。 | S246: ☆ | T246: 33 | U246: P33|☆ | V246: 同頁凡例へ直接連動
A247: SZ-SL-000244 | B247: SER-LIX-SAMOSL | C247: WT-SL-SHUTTER-HIKI | D247: シャッター付引違い窓 | E247: SP-SL-SHUT-E-VENT | F247: 在来・204 | G247: 25111-4 | H247: 251-4 | I247: 11 | J247: 2550 | K247: 1170 | L247: 在来・204｜電動 | M247: TRUE | N247: カタログ個別可否確認済み | O247: 35 | P247: 33 | Q247: 202604_LIXIL_サーモスＬ_業務用資料集_完成品価格表.pdf | R247: 規格呼称は親品種で確認済み。固有仕様ごとの価格設定有無（＿＿表示等）は次QAで最終確定。 | S247: 無印 | T247: 33 | U247: P33|無印 | V247: 同頁凡例へ直接連動
A248: SZ-SL-000245 | B248: SER-LIX-SAMOSL | C248: WT-SL-SHUTTER-HIKI | D248: シャッター付引違い窓 | E248: SP-SL-SHUT-E-VENT | F248: 在来・204 | G248: 25611-2 | H248: 256-2 | I248: 11 | J248: 2600 | K248: 1170 | L248: 在来・204｜電動 | M248: TRUE | N248: カタログ個別可否確認済み | O248: 35 | P248: 33 | Q248: 202604_LIXIL_サーモスＬ_業務用資料集_完成品価格表.pdf | R248: 規格呼称は親品種で確認済み。固有仕様ごとの価格設定有無（＿＿表示等）は次QAで最終確定。 | S248: ☆ | T248: 33 | U248: P33|☆ | V248: 同頁凡例へ直接連動
A249: SZ-SL-000246 | B249: SER-LIX-SAMOSL | C249: WT-SL-SHUTTER-HIKI | D249: シャッター付引違い窓 | E249: SP-SL-SHUT-E-VENT | F249: 在来・204 | G249: 25611-4 | H249: 256-4 | I249: 11 | J249: 2600 | K249: 1170 | L249: 在来・204｜電動 | M249: TRUE | N249: カタログ個別可否確認済み | O249: 35 | P249: 33 | Q249: 202604_LIXIL_サーモスＬ_業務用資料集_完成品価格表.pdf | R249: 規格呼称は親品種で確認済み。固有仕様ごとの価格設定有無（＿＿表示等）は次QAで最終確定。 | S249: 無印 | T249: 33 | U249: P33|無印 | V249: 同頁凡例へ直接連動
A250: SZ-SL-000247 | B250: SER-LIX-SAMOSL | C250: WT-SL-SHUTTER-HIKI | D250: シャッター付引違い窓 | E250: SP-SL-SHUT-E-WIND | F250: 在来・204 | G250: 25111-2 | H250: 251-2 | I250: 11 | J250: 2550 | K250: 1170 | L250: 在来・204｜電動 | M250: TRUE | N250: カタログ個別可否確認済み | O250: 35 | P250: 33 | Q250: 202604_LIXIL_サーモスＬ_業務用資料集_完成品価格表.pdf | R250: 規格呼称は親品種で確認済み。固有仕様ごとの価格設定有無（＿＿表示等）は次QAで最終確定。 | S250: ☆ | T250: 33 | U250: P33|☆ | V250: 同頁凡例へ直接連動
A251: SZ-SL-000248 | B251: SER-LIX-SAMOSL | C251: WT-SL-SHUTTER-HIKI | D251: シャッター付引違い窓 | E251: SP-SL-SHUT-E-WIND | F251: 在来・204 | G251: 25111-4 | H251: 251-4 | I251: 11 | J251: 2550 | K251: 1170 | L251: 在来・204｜電動 | M251: TRUE | N251: カタログ個別可否確認済み | O251: 35 | P251: 33 | Q251: 202604_LIXIL_サーモスＬ_業務用資料集_完成品価格表.pdf | R251: 規格呼称は親品種で確認済み。固有仕様ごとの価格設定有無（＿＿表示等）は次QAで最終確定。 | S251: 無印 | T251: 33 | U251: P33|無印 | V251: 同頁凡例へ直接連動
A252: SZ-SL-000249 | B252: SER-LIX-SAMOSL | C252: WT-SL-SHUTTER-HIKI | D252: シャッター付引違い窓 | E252: SP-SL-SHUT-E-WIND | F252: 在来・204 | G252: 25611-2 | H252: 256-2 | I252: 11 | J252: 2600 | K252: 1170 | L252: 在来・204｜電動 | M252: TRUE | N252: カタログ個別可否確認済み | O252: 35 | P252: 33 | Q252: 202604_LIXIL_サーモスＬ_業務用資料集_完成品価格表.pdf | R252: 規格呼称は親品種で確認済み。固有仕様ごとの価格設定有無（＿＿表示等）は次QAで最終確定。 | S252: ☆ | T252: 33 | U252: P33|☆ | V252: 同頁凡例へ直接連動
A253: SZ-SL-000250 | B253: SER-LIX-SAMOSL | C253: WT-SL-SHUTTER-HIKI | D253: シャッター付引違い窓 | E253: SP-SL-SHUT-E-WIND | F253: 在来・204 | G253: 25611-4 | H253: 256-4 | I253: 11 | J253: 2600 | K253: 1170 | L253: 在来・204｜電動 | M253: TRUE | N253: カタログ個別可否確認済み | O253: 35 | P253: 33 | Q253: 202604_LIXIL_サーモスＬ_業務用資料集_完成品価格表.pdf | R253: 規格呼称は親品種で確認済み。固有仕様ごとの価格設定有無（＿＿表示等）は次QAで最終確定。 | S253: 無印 | T253: 33 | U253: P33|無印 | V253: 同頁凡例へ直接連動
A254: SZ-SL-000251 | B254: SER-LIX-SAMOSL | C254: WT-SL-SHUTTER-HIKI | D254: シャッター付引違い窓 | E254: SP-SL-SHUT-E-STD | F254: 在来・204 | G254: 11413 | H254: 114 | I254: 13 | J254: 1185 | K254: 1370 | L254: 在来・204｜電動 | M254: TRUE | N254: カタログ規格確認済み | O254: 36 | P254: 34 | Q254: 202604_LIXIL_サーモスＬ_業務用資料集_完成品価格表.pdf | S254: 無印 | T254: 34 | U254: P34|無印 | V254: 同頁凡例へ直接連動
A255: SZ-SL-000252 | B255: SER-LIX-SAMOSL | C255: WT-SL-SHUTTER-HIKI | D255: シャッター付引違い窓 | E255: SP-SL-SHUT-E-STD | F255: 在来・204 | G255: 11913 | H255: 119 | I255: 13 | J255: 1235 | K255: 1370 | L255: 在来・204｜電動 | M255: TRUE | N255: カタログ規格確認済み | O255: 36 | P255: 34 | Q255: 202604_LIXIL_サーモスＬ_業務用資料集_完成品価格表.pdf | S255: 無印 | T255: 34 | U255: P34|無印 | V255: 同頁凡例へ直接連動
A256: SZ-SL-000253 | B256: SER-LIX-SAMOSL | C256: WT-SL-SHUTTER-HIKI | D256: シャッター付引違い窓 | E256: SP-SL-SHUT-E-STD | F256: 在来・204 | G256: 12813 | H256: 128 | I256: 13 | J256: 1320 | K256: 1370 | L256: 在来・204｜電動 | M256: TRUE | N256: カタログ規格確認済み | O256: 36 | P256: 34 | Q256: 202604_LIXIL_サーモスＬ_業務用資料集_完成品価格表.pdf | S256: 無印 | T256: 34 | U256: P34|無印 | V256: 同頁凡例へ直接連動
A257: SZ-SL-000254 | B257: SER-LIX-SAMOSL | C257: WT-SL-SHUTTER-HIKI | D257: シャッター付引違い窓 | E257: SP-SL-SHUT-E-STD | F257: 在来・204 | G257: 13313 | H257: 133 | I257: 13 | J257: 1370 | K257: 1370 | L257: 在来・204｜電動 | M257: TRUE | N257: カタログ規格確認済み | O257: 36 | P257: 34 | Q257: 202604_LIXIL_サーモスＬ_業務用資料集_完成品価格表.pdf | S257: 無印 | T257: 34 | U257: P34|無印 | V257: 同頁凡例へ直接連動
A258: SZ-SL-000255 | B258: SER-LIX-SAMOSL | C258: WT-SL-SHUTTER-HIKI | D258: シャッター付引違い窓 | E258: SP-SL-SHUT-E-VENT | F258: 在来・204 | G258: 11413 | H258: 114 | I258: 13 | J258: 1185 | K258: 1370 | L258: 在来・204｜電動 | M258: TRUE | N258: カタログ個別可否確認済み | O258: 36 | P258: 34 | Q258: 202604_LIXIL_サーモスＬ_業務用資料集_完成品価格表.pdf | R258: 規格呼称は親品種で確認済み。固有仕様ごとの価格設定有無（＿＿表示等）は次QAで最終確定。 | S258: 無印 | T258: 34 | U258: P34|無印 | V258: 同頁凡例へ直接連動
A259: SZ-SL-000256 | B259: SER-LIX-SAMOSL | C259: WT-SL-SHUTTER-HIKI | D259: シャッター付引違い窓 | E259: SP-SL-SHUT-E-VENT | F259: 在来・204 | G259: 11913 | H259: 119 | I259: 13 | J259: 1235 | K259: 1370 | L259: 在来・204｜電動 | M259: TRUE | N259: カタログ個別可否確認済み | O259: 36 | P259: 34 | Q259: 202604_LIXIL_サーモスＬ_業務用資料集_完成品価格表.pdf | R259: 規格呼称は親品種で確認済み。固有仕様ごとの価格設定有無（＿＿表示等）は次QAで最終確定。 | S259: 無印 | T259: 34 | U259: P34|無印 | V259: 同頁凡例へ直接連動
A260: SZ-SL-000257 | B260: SER-LIX-SAMOSL | C260: WT-SL-SHUTTER-HIKI | D260: シャッター付引違い窓 | E260: SP-SL-SHUT-E-VENT | F260: 在来・204 | G260: 12813 | H260: 128 | I260: 13 | J260: 1320 | K260: 1370 | L260: 在来・204｜電動 | M260: TRUE | N260: カタログ個別可否確認済み | O260: 36 | P260: 34 | Q260: 202604_LIXIL_サーモスＬ_業務用資料集_完成品価格表.pdf | R260: 規格呼称は親品種で確認済み。固有仕様ごとの価格設定有無（＿＿表示等）は次QAで最終確定。 | S260: 無印 | T260: 34 | U260: P34|無印 | V260: 同頁凡例へ直接連動
A261: SZ-SL-000258 | B261: SER-LIX-SAMOSL | C261: WT-SL-SHUTTER-HIKI | D261: シャッター付引違い窓 | E261: SP-SL-SHUT-E-VENT | F261: 在来・204 | G261: 13313 | H261: 133 | I261: 13 | J261: 1370 | K261: 1370 | L261: 在来・204｜電動 | M261: TRUE | N261: カタログ個別可否確認済み | O261: 36 | P261: 34 | Q261: 202604_LIXIL_サーモスＬ_業務用資料集_完成品価格表.pdf | R261: 規格呼称は親品種で確認済み。固有仕様ごとの価格設定有無（＿＿表示等）は次QAで最終確定。 | S261: 無印 | T261: 34 | U261: P34|無印 | V261: 同頁凡例へ直接連動
A262: SZ-SL-000259 | B262: SER-LIX-SAMOSL | C262: WT-SL-SHUTTER-HIKI | D262: シャッター付引違い窓 | E262: SP-SL-SHUT-E-WIND | F262: 在来・204 | G262: 11413 | H262: 114 | I262: 13 | J262: 1185 | K262: 1370 | L262: 在来・204｜電動 | M262: TRUE | N262: カタログ個別可否確認済み | O262: 36 | P262: 34 | Q262: 202604_LIXIL_サーモスＬ_業務用資料集_完成品価格表.pdf | R262: 規格呼称は親品種で確認済み。固有仕様ごとの価格設定有無（＿＿表示等）は次QAで最終確定。 | S262: 無印 | T262: 34 | U262: P34|無印 | V262: 同頁凡例へ直接連動
A263: SZ-SL-000260 | B263: SER-LIX-SAMOSL | C263: WT-SL-SHUTTER-HIKI | D263: シャッター付引違い窓 | E263: SP-SL-SHUT-E-WIND | F263: 在来・204 | G263: 11913 | H263: 119 | I263: 13 | J263: 1235 | K263: 1370 | L263: 在来・204｜電動 | M263: TRUE | N263: カタログ個別可否確認済み | O263: 36 | P263: 34 | Q263: 202604_LIXIL_サーモスＬ_業務用資料集_完成品価格表.pdf | R263: 規格呼称は親品種で確認済み。固有仕様ごとの価格設定有無（＿＿表示等）は次QAで最終確定。 | S263: 無印 | T263: 34 | U263: P34|無印 | V263: 同頁凡例へ直接連動
A264: SZ-SL-000261 | B264: SER-LIX-SAMOSL | C264: WT-SL-SHUTTER-HIKI | D264: シャッター付引違い窓 | E264: SP-SL-SHUT-E-WIND | F264: 在来・204 | G264: 12813 | H264: 128 | I264: 13 | J264: 1320 | K264: 1370 | L264: 在来・204｜電動 | M264: FALSE | N264: 設定なし（価格表確認済み） | O264: 36 | P264: 34 | Q264: 202604_LIXIL_サーモスＬ_業務用資料集_完成品価格表.pdf | R264: 規格呼称は親品種で確認済み。固有仕様ごとの価格設定有無（＿＿表示等）は次QAで最終確定。 | S264: 無印 | T264: 34 | U264: P34|無印 | V264: 同頁凡例へ直接連動
A265: SZ-SL-000262 | B265: SER-LIX-SAMOSL | C265: WT-SL-SHUTTER-HIKI | D265: シャッター付引違い窓 | E265: SP-SL-SHUT-E-WIND | F265: 在来・204 | G265: 13313 | H265: 133 | I265: 13 | J265: 1370 | K265: 1370 | L265: 在来・204｜電動 | M265: FALSE | N265: 設定なし（価格表確認済み） | O265: 36 | P265: 34 | Q265: 202604_LIXIL_サーモスＬ_業務用資料集_完成品価格表.pdf | R265: 規格呼称は親品種で確認済み。固有仕様ごとの価格設定有無（＿＿表示等）は次QAで最終確定。 | S265: 無印 | T265: 34 | U265: P34|無印 | V265: 同頁凡例へ直接連動
A266: SZ-SL-000263 | B266: SER-LIX-SAMOSL | C266: WT-SL-SHUTTER-HIKI | D266: シャッター付引違い窓 | E266: SP-SL-SHUT-E-STD | F266: 在来・204 | G266: 15013 | H266: 150 | I266: 13 | J266: 1540 | K266: 1370 | L266: 在来・204｜電動 | M266: TRUE | N266: カタログ規格確認済み | O266: 37 | P266: 35 | Q266: 202604_LIXIL_サーモスＬ_業務用資料集_完成品価格表.pdf | S266: 無印 | T266: 34 | U266: P34|無印 | V266: 同一価格表・前頁凡例を継承
A267: SZ-SL-000264 | B267: SER-LIX-SAMOSL | C267: WT-SL-SHUTTER-HIKI | D267: シャッター付引違い窓 | E267: SP-SL-SHUT-E-STD | F267: 在来・204 | G267: 15015 | H267: 150 | I267: 15 | J267: 1540 | K267: 1570 | L267: 在来・204｜電動 | M267: TRUE | N267: カタログ規格確認済み | O267: 37 | P267: 35 | Q267: 202604_LIXIL_サーモスＬ_業務用資料集_完成品価格表.pdf | S267: ○ | T267: 34 | U267: P34|○ | V267: 同一価格表・前頁凡例を継承
A268: SZ-SL-000265 | B268: SER-LIX-SAMOSL | C268: WT-SL-SHUTTER-HIKI | D268: シャッター付引違い窓 | E268: SP-SL-SHUT-E-STD | F268: 在来・204 | G268: 16013 | H268: 160 | I268: 13 | J268: 1640 | K268: 1370 | L268: 在来・204｜電動 | M268: TRUE | N268: カタログ規格確認済み | O268: 37 | P268: 35 | Q268: 202604_LIXIL_サーモスＬ_業務用資料集_完成品価格表.pdf | S268: ★ | T268: 34 | U268: P34|★ | V268: 同一価格表・前頁凡例を継承
...

Sheet 07_色
A1: 色マスター
A2: サーモスLは内・外観色6パターン。外観ダスクグレーのみ内観ブラック。自由組合せ方式ではない。
A3: color_relation_id | B3: シリーズID | C3: 外観色ID | D3: 外観色表示名 | E3: 内観色ID | F3: 内観色表示名 | G3: 組合せ可否 | H3: 有効 | I3: 登録状態 | J3: 出典 | K3: 備考
A4: COL-SL-H-T | B4: SER-LIX-SAMOSL | C4: H | D4: ダスクグレー | E4: T | F4: ブラック | G4: 可 | H4: TRUE | I4: カタログ確認済み | J4: SM3100 P48 | K4: 外観ダスクグレーの内観色はブラック
A5: COL-SL-T-T | B5: SER-LIX-SAMOSL | C5: T | D5: ブラック | E5: T | F5: ブラック | G5: 可 | H5: TRUE | I5: カタログ確認済み | J5: SM3100 P48 | K5: 内外同系色
A6: COL-SL-G-G | B6: SER-LIX-SAMOSL | C6: G | D6: オータムブラウン | E6: G | F6: オータムブラウン | G6: 可 | H6: TRUE | I6: カタログ確認済み | J6: SM3100 P48 | K6: 内外同系色
A7: COL-SL-K-K | B7: SER-LIX-SAMOSL | C7: K | D7: シャイングレー | E7: K | F7: シャイングレー | G7: 可 | H7: TRUE | I7: カタログ確認済み | J7: SM3100 P48 | K7: 内外同系色
A8: COL-SL-D-D | B8: SER-LIX-SAMOSL | C8: D | D8: ナチュラルシルバー | E8: D | F8: ナチュラルシルバー | G8: 可 | H8: TRUE | I8: カタログ確認済み | J8: SM3100 P48 | K8: 内外同系色
A9: COL-SL-W-W | B9: SER-LIX-SAMOSL | C9: W | D9: ホワイト | E9: W | F9: ホワイト | G9: 可 | H9: TRUE | I9: カタログ確認済み | J9: SM3100 P48 | K9: 内外同系色

Sheet 08_ガラス
A1: ガラス・ガラス詳細マスター｜サーモスL v0.4
A2: 物理構成9件と、機能ガラス/追加機能9件を分離。窓種別の選択可否は08B、耐風圧・重量などの制限は08Cで制御する。機能ガラスの全サイズ可否は未確定部分を残し、未確認条件を可扱いしない。
A3: glass_id | B3: シリーズID | C3: 窓種ID | D3: ガラス大分類 | E3: Low-E区分 | F3: 見え方 | G3: ガス | H3: スペーサー | I3: 合わせ | J3: 強化 | K3: 厚み/構成 | L3: 有効 | M3: 登録状態 | N3: 出典/備考
A4: GL-SL-001 | B4: SER-LIX-SAMOSL | C4: * | D4: Low-E複層ガラス | E4: Low-E | F4: クリア | G4: アルゴンガス | H4: 樹脂またはアルミ | I4: なし | J4: なし | K4: 3-Ar16-LowE3（クリア） | L4: TRUE | M4: 基本構成確認済み | N4: SM3100 P410-411。代表構成。08B/08Cで適用制御
A5: GL-SL-002 | B5: SER-LIX-SAMOSL | C5: * | D5: Low-E複層ガラス | E5: Low-E | F5: クリア | G5: アルゴンガス | H5: 樹脂またはアルミ | I5: なし | J5: なし | K5: 4-Ar15-LowE3（クリア） | L5: TRUE | M5: 基本構成確認済み | N5: SM3100 P410-411。代表構成。08B/08Cで適用制御
A6: GL-SL-003 | B6: SER-LIX-SAMOSL | C6: * | D6: Low-E複層ガラス | E6: Low-E | F6: クリア | G6: アルゴンガス | H6: 樹脂またはアルミ | I6: なし | J6: なし | K6: 4-Ar14-LowE4（クリア） | L6: TRUE | M6: 基本構成確認済み | N6: SM3100 P410-411。代表構成。08B/08Cで適用制御
A7: GL-SL-004 | B7: SER-LIX-SAMOSL | C7: * | D7: Low-E複層ガラス | E7: Low-E | F7: クリア | G7: 乾燥空気 | H7: アルミ | I7: なし | J7: なし | K7: 3-A16-LowE3（クリア） | L7: TRUE | M7: 基本構成確認済み | N7: SM3100 P410-411。代表構成。08B/08Cで適用制御
A8: GL-SL-005 | B8: SER-LIX-SAMOSL | C8: * | D8: Low-E複層ガラス | E8: Low-E | F8: クリア | G8: 乾燥空気 | H8: アルミ | I8: なし | J8: なし | K8: 4-A15-LowE3（クリア） | L8: TRUE | M8: 基本構成確認済み | N8: SM3100 P410-411。代表構成。08B/08Cで適用制御
A9: GL-SL-006 | B9: SER-LIX-SAMOSL | C9: * | D9: Low-E複層ガラス | E9: Low-E | F9: クリア | G9: 乾燥空気 | H9: アルミ | I9: なし | J9: なし | K9: 4-A14-LowE4（クリア） | L9: TRUE | M9: 基本構成確認済み | N9: SM3100 P410-411。代表構成。08B/08Cで適用制御
A10: GL-SL-007 | B10: SER-LIX-SAMOSL | C10: * | D10: 一般複層ガラス | E10: なし | F10: 透明 | G10: 乾燥空気 | H10: アルミ | I10: なし | J10: なし | K10: 3-A16-3 | L10: TRUE | M10: 基本構成確認済み | N10: SM3100 P410-411。代表構成。08B/08Cで適用制御
A11: GL-SL-008 | B11: SER-LIX-SAMOSL | C11: * | D11: 一般複層ガラス | E11: なし | F11: 透明 | G11: 乾燥空気 | H11: アルミ | I11: なし | J11: なし | K11: 4-A15-3 | L11: TRUE | M11: 基本構成確認済み | N11: SM3100 P410-411。代表構成。08B/08Cで適用制御
A12: GL-SL-009 | B12: SER-LIX-SAMOSL | C12: * | D12: 一般複層ガラス | E12: なし | F12: 透明 | G12: 乾燥空気 | H12: アルミ | I12: なし | J12: なし | K12: 4-A14-4 | L12: TRUE | M12: 基本構成確認済み | N12: SM3100 P410-411。代表構成。08B/08Cで適用制御
A13: GL-SL-FUNC-GREEN | B13: SER-LIX-SAMOSL | C13: * | D13: Low-E複層ガラス | E13: グリーン | F13: 透明 | G13: ベース構成連動 | H13: ベース構成連動 | I13: なし | J13: なし | K13: 機能ガラス：グリーン | L13: TRUE | M13: ガラス体系確認済み | N13: SM3100 P50-57。厚み/サイズは08Cで制御
A14: GL-SL-FUNC-GREEN-HS | B14: SER-LIX-SAMOSL | C14: * | D14: Low-E複層ガラス | E14: グリーン（高遮熱仕様） | F14: 透明 | G14: ベース構成連動 | H14: ベース構成連動 | I14: なし | J14: なし | K14: 機能ガラス：高遮熱 | L14: TRUE | M14: ガラス体系確認済み | N14: SM3100 P50-57。厚み/サイズは08Cで制御
A15: GL-SL-FUNC-HISOLAR | B15: SER-LIX-SAMOSL | C15: * | D15: Low-E複層ガラス | E15: クリア（高日射取得仕様） | F15: 透明 | G15: ベース構成連動 | H15: ベース構成連動 | I15: なし | J15: なし | K15: 機能ガラス：高日射取得 | L15: TRUE | M15: ガラス体系確認済み | N15: SM3100 P50-57。厚み/サイズは08Cで制御
... A24: GL-SL-OPT-GRID | B24: SER-LIX-SAMOSL | C24: 限定窓種 | D24: 追加機能 | E24: ベース連動 | F24: 意匠格子入り | G24: ベース連動 | H24: ベース連動 | I24: なし | J24: なし | K24: 意匠格子入り複層ガラス | L24: TRUE | M24: ラインアップ確認済み／組合せ確認必須 | N24: ラインアップ・既知構成は確認済み。窓種・サイズ最終可否は未閉包のためESTIMATE_CONFIRM_REQUIREDとして保持。特定確認経路は未確定。

Sheet 09_網戸
A1: 網戸形式マスター｜サーモスL v0.5
A2: 窓種・固有仕様ごとに網戸形式を明示。ネット種類は09B、サイズ/中桟制限は09Cへ分離。『網戸なし』は全窓種共通選択肢。
A3: screen_id | B3: シリーズID | C3: 窓種ID | D3: 固有仕様ID | E3: 網戸有無 | F3: 網戸形式 | G3: メーカー正式名称 | H3: 基本ネット | I3: 有効 | J3: 登録状態 | K3: 出典 | L3: 備考 | M3: 表示順
A4: SC-SL-NONE | B4: SER-LIX-SAMOSL | C4: * | D4: * | E4: なし | F4: 対象外 | G4: なし | H4: 対象外 | I4: TRUE | J4: 構造確定 | K4: 共通仕様 | L4: 網戸なし選択用 | M4: 0
A5: SC-SL-HIKI-BASE | B5: SER-LIX-SAMOSL | C5: WT-SL-HIKICHIGAI | D5: * | E5: あり | F5: 引違い網戸 | G5: マド/テラスサイズ引違い網戸 | H5: 09B連動 | I5: TRUE | J5: 形式確認済み | K5: 202604完成品価格表 網戸/SM3100 P278 | L5: 中桟・ネットは09B/09C | M5: 10
A6: SC-SL-SHUT-HIKI | B6: SER-LIX-SAMOSL | C6: WT-SL-SHUTTER-HIKI | D6: * | E6: あり | F6: 引違い網戸 | G6: マド/テラスサイズ引違い網戸 | H6: 09B連動 | I6: TRUE | J6: 形式確認済み | K6: 網戸 共通有償品 | L6: シャッター種別・サイズと06/09C連動 | M6: 10
A7: SC-SL-AMADO-HIKI | B7: SER-LIX-SAMOSL | C7: WT-SL-AMADO-HIKI | D7: * | E7: あり | F7: 引違い網戸 | G7: マド/テラスサイズ引違い網戸 | H7: 09B連動 | I7: TRUE | J7: 形式確認済み | K7: 網戸 共通有償品 | L7: 雨戸種別・サイズと06/09C連動 | M7: 10
A8: SC-SL-MENKOSHI-HIKI | B8: SER-LIX-SAMOSL | C8: WT-SL-MENKOSHI-HIKI | D8: * | E8: あり | F8: 引違い網戸 | G8: マド/テラスサイズ引違い網戸 | H8: 09B連動 | I8: TRUE | J8: 形式確認済み | K8: 網戸 共通有償品 | L8: 面格子種別・サイズと06/09C連動 | M8: 10
A9: SC-SL-KAZARI-HIKI | B9: SER-LIX-SAMOSL | C9: WT-SL-KAZARI-HIKI | D9: * | E9: あり | F9: 引違い網戸 | G9: 装飾引違い窓用網戸 | H9: 09B連動 | I9: TRUE | J9: 形式確認済み | K9: 202604完成品価格表 網戸 P278-279 | L9: H/HK/HKKを固有仕様と連動 | M9: 10
A10: SC-SL-TATE-OP-FIX | B10: SER-LIX-SAMOSL | C10: WT-SL-TATE-SUBERI | D10: SP-SL-TATE-OP | E10: あり | F10: 固定式網戸 | G10: 固定式網戸（フレームレス/タグ付フレームレス/フレーム付） | H10: きれいネット中心 | I10: FALSE | J10: v0.5履歴：詳細仕様へ置換 | K10: 202604完成品価格表 網戸 P268-272 | L10: 切断寸法は09C | M10: 10
A11: SC-SL-TATE-CAM-HROLL | B11: SER-LIX-SAMOSL | C11: WT-SL-TATE-SUBERI | D11: SP-SL-TATE-CAM | E11: あり | F11: 横引きロール網戸 | G11: 横引きロール網戸 | H11: きれいネット | I11: FALSE | J11: v0.5履歴：詳細仕様へ置換 | K11: 202604完成品価格表 網戸 P275 | M11: 20
A12: SC-SL-TATE-CAM-VROLL | B12: SER-LIX-SAMOSL | C12: WT-SL-TATE-SUBERI | D12: SP-SL-TATE-CAM | E12: あり | F12: 上げ下げロール網戸 | G12: 上げ下げロール網戸 | H12: きれいネット | I12: FALSE | J12: v0.5履歴：詳細仕様へ置換 | K12: 202604完成品価格表 網戸 P276 | L12: 規格サイズ限定 | M12: 30
A13: SC-SL-TATE-CAM-OPEN | B13: SER-LIX-SAMOSL | C13: WT-SL-TATE-SUBERI | D13: SP-SL-TATE-CAM | E13: あり | F13: 開き網戸 | G13: 開き網戸 | H13: きれいネット中心 | I13: FALSE | J13: v0.5履歴：詳細仕様へ置換 | K13: 202604完成品価格表 網戸 P276/SM3100 P278 | L13: H13以上は中桟付 | M13: 40
A14: SC-SL-YOKO-OP-FIX | B14: SER-LIX-SAMOSL | C14: WT-SL-YOKO-SUBERI | D14: SP-SL-YOKO-OP | E14: あり | F14: 固定式網戸 | G14: 固定式網戸（フレームレス/タグ付フレームレス/フレーム付） | H14: きれいネット中心 | I14: TRUE | J14: 形式確認済み | K14: 202604完成品価格表 網戸 P268-272 | L14: 切断寸法は09C | M14: 10
A15: SC-SL-YOKO-CAM-HROLL | B15: SER-LIX-SAMOSL | C15: WT-SL-YOKO-SUBERI | D15: SP-SL-YOKO-CAM | E15: あり | F15: 横引きロール網戸 | G15: 横引きロール網戸 | H15: きれいネット | I15: TRUE | J15: 形式確認済み | K15: 202604完成品価格表 網戸 P275 | M15: 20
A16: SC-SL-YOKO-CAM-OPEN | B16: SER-LIX-SAMOSL | C16: WT-SL-YOKO-SUBERI | D16: SP-SL-YOKO-CAM | E16: あり | F16: 開き網戸 | G16: 開き網戸 | H16: きれいネット中心 | I16: TRUE | J16: サーモスL専用形式確認済み | K16: 202604完成品価格表 網戸 P276/SM3100 P278 | L16: H13以上は中桟付 | M16: 30
A17: SC-SL-HIGH-FIX | B17: SER-LIX-SAMOSL | C17: WT-SL-KOSHO-YOKO | D17: * | E17: あり | F17: 固定式網戸 | G17: 固定式網戸（フレームレス/タグ付フレームレス/フレーム付） | H17: きれいネット中心 | I17: TRUE | J17: 形式確認済み | K17: 202604完成品価格表 網戸 P268-272 | L17: 切断寸法は09C | M17: 10
A18: SC-SL-AGE-UPDOWN | B18: SER-LIX-SAMOSL | C18: WT-SL-AGE-SAGE-FS | D18: * | E18: あり | F18: 上げ下げ式網戸 | G18: 上げ下げ式網戸 | H18: きれいネット | I18: TRUE | J18: 形式確認済み | K18: 202604完成品価格表 網戸 P277 | L18: 09Cホワイトリスト | M18: 10
A19: SC-SL-MAGE-UPDOWN | B19: SER-LIX-SAMOSL | C19: WT-SL-MENKOSHI-AGE-FS | D19: * | E19: あり | F19: 上げ下げ式網戸 | G19: 上げ下げ式網戸 | H19: きれいネット | I19: TRUE | J19: 形式確認済み | K19: 202604完成品価格表 網戸 P277 | L19: 09Cホワイトリスト | M19: 10
A20: SC-SL-UCHI-FIX | B20: SER-LIX-SAMOSL | C20: WT-SL-UCHIDAOSHI | D20: * | E20: あり | F20: 固定式網戸 | G20: 固定式網戸（内倒し窓用） | H20: きれいネット | I20: TRUE | J20: 形式確認済み | K20: 202604完成品価格表 網戸 P274 | M20: 10
A21: SC-SL-TD-J | B21: SER-LIX-SAMOSL | C21: WT-SL-TERRACE-DOOR | D21: * | E21: あり | F21: しまえるんですJ | G21: しまえるんですJ 本体（テラスドア用） | H21: 専用ネット | I21: TRUE | J21: 形式確認済み | K21: 202604完成品価格表 P287 | L21: 09Cサイズ制御 | M21: 10
A22: SC-SL-KD-J | B22: SER-LIX-SAMOSL | C22: WT-SL-KATTEGUCHI | D22: * | E22: あり | F22: しまえるんですJ | G22: しまえるんですJ 本体（勝手口ドア用） | H22: 専用ネット | I22: TRUE | J22: 形式確認済み | K22: 202604完成品価格表 P287 | L22: 09Cサイズ制御 | M22: 10
A23: SC-SL-KSF-GRILLE | B23: SER-LIX-SAMOSL | C23: WT-SL-KATTEGUCHI-VENT-FS | D23: * | E23: あり | F23: 網付格子 | G23: 網付格子（採風勝手口ドアFS用） | H23: きれいネット | I23: TRUE | J23: 形式確認済み | K23: 202604完成品価格表 P288 | L23: 格子種類・サイズは09C | M23: 10
A24: SC-SL-V5-001 | B24: SER-LIX-SAMOSL | C24: WT-SL-TATE-SUBERI | D24: SP-SL-TATE-OP-T | E24: あり | F24: 固定式網戸 | G24: 固定式網戸（フレームレス/タグ付フレームレス/フレーム付） | H24: きれいネット中心 | I24: TRUE | J24: 2026詳細仕様連動済み | K24: 完成品価格表 網戸/共通有償品 | L24: オペレーター｜T。切断寸法は09C。 | M24: 10
A25: SC-SL-V5-002 | B25: SER-LIX-SAMOSL | C25: WT-SL-TATE-SUBERI | D25: SP-SL-TATE-OP-TF-OUT | E25: あり | F25: 固定式網戸 | G25: 固定式網戸（フレームレス/タグ付フレームレス/フレーム付） | H25: きれいネット中心 | I25: TRUE | J25: 2026詳細仕様連動済み | K25: 完成品価格表 網戸/共通有償品 | L25: オペレーター｜TF｜FIX外押縁。切断寸法は09C。 | M25: 10
A26: SC-SL-V5-003 | B26: SER-LIX-SAMOSL | C26: WT-SL-TATE-SUBERI | D26: SP-SL-TATE-OP-TFT-OUT | E26: あり | F26: 固定式網戸 | G26: 固定式網戸（フレームレス/タグ付フレームレス/フレーム付） | H26: きれいネット中心 | I26: TRUE | J26: 2026詳細仕様連動済み | K26: 完成品価格表 網戸/共通有償品 | L26: オペレーター｜TFT｜FIX外押縁。切断寸法は09C。 | M26: 10
A27: SC-SL-V5-004 | B27: SER-LIX-SAMOSL | C27: WT-SL-TATE-SUBERI | D27: SP-SL-TATE-OP-TF-IN | E27: あり | F27: 固定式網戸 | G27: 固定式網戸（フレームレス/タグ付フレームレス/フレーム付） | H27: きれいネット中心 | I27: TRUE | J27: 2026詳細仕様連動済み | K27: 完成品価格表 網戸/共通有償品 | L27: オペレーター｜TF｜FIX内押縁。切断寸法は09C。 | M27: 10
A28: SC-SL-V5-005 | B28: SER-LIX-SAMOSL | C28: WT-SL-TATE-SUBERI | D28: SP-SL-TATE-OP-TFT-IN | E28: あり | F28: 固定式網戸 | G28: 固定式網戸（フレームレス/タグ付フレームレス/フレーム付） | H28: きれいネット中心 | I28: TRUE | J28: 2026詳細仕様連動済み | K28: 完成品価格表 網戸/共通有償品 | L28: オペレーター｜TFT｜FIX内押縁。切断寸法は09C。 | M28: 10
A29: SC-SL-V5-006 | B29: SER-LIX-SAMOSL | C29: WT-SL-TATE-SUBERI | D29: SP-SL-TATE-CAM-T | E29: あり | F29: 横引きロール網戸 | G29: 横引きロール網戸 | H29: きれいネット中心 | I29: TRUE | J29: 2026詳細仕様連動済み | K29: 202604完成品価格表 P275 | L29: カムラッチ｜T。 | M29: 20
A30: SC-SL-V5-007 | B30: SER-LIX-SAMOSL | C30: WT-SL-TATE-SUBERI | D30: SP-SL-TATE-CAM-T | E30: あり | F30: 上げ下げロール網戸 | G30: 上げ下げロール網戸 | H30: きれいネット中心 | I30: TRUE | J30: 2026詳細仕様連動済み | K30: 202604完成品価格表 P276 | L30: カムラッチ｜T。規格サイズ限定 | M30: 30
A31: SC-SL-V5-008 | B31: SER-LIX-SAMOSL | C31: WT-SL-TATE-SUBERI | D31: SP-SL-TATE-CAM-T | E31: あり | F31: 開き網戸 | G31: 開き網戸 | H31: きれいネット中心 | I31: TRUE | J31: 2026詳細仕様連動済み | K31: 202604完成品価格表 P276/商品カタログ P278 | L31: カムラッチ｜T。H13以上は中桟付 | M31: 40
A32: SC-SL-V5-009 | B32: SER-LIX-SAMOSL | C32: WT-SL-TATE-SUBERI | D32: SP-SL-TATE-CAM-TF-OUT | E32: あり | F32: 横引きロール網戸 | G32: 横引きロール網戸 | H32: きれいネット中心 | I32: TRUE | J32: 2026詳細仕様連動済み | K32: 202604完成品価格表 P275 | L32: カムラッチ｜TF｜FIX外押縁。 | M32: 20
... A43: SC-SL-V5-020 | B43: SER-LIX-SAMOSL | C43: WT-SL-TATE-SUBERI | D43: SP-SL-TATE-CAM-TFT-IN | E43: あり | F43: 開き網戸 | G43: 開き網戸 | H43: きれいネット中心 | I43: TRUE | J43: 2026詳細仕様連動済み | K43: 202604完成品価格表 P276/商品カタログ P278 | L43: カムラッチ｜TFT｜FIX内押縁。H13以上は中桟付 | M43: 40

Sheet 10_その他OP
A1: その他有償品マスター｜サーモスL v0.4
A2: 共通有償品を『見積選択』『部材選択』『施工/メンテ』に分離。アプリ通常入力では見積選択を優先表示し、施工/メンテは詳細モードで呼び出す。
A3: option_id | B3: シリーズID | C3: 窓種ID | D3: 固有仕様ID | E3: オプション分類 | F3: 表示名 | G3: 有効 | H3: 登録状態 | I3: 出典 | J3: 備考 | K3: 入力用途 | L3: 表示条件 | M3: 表示順
A4: OP-SL-RAIL-COVER | B4: SER-LIX-SAMOSL | C4: 引違い窓系（装飾窓除く） | D4: * | E4: 枠/意匠 | F4: レール間カバー枠 | G4: TRUE | H4: カタログ確認済み | I4: SAMOSⅡ-H/L 商品カタログ | J4: 装飾引違い窓を除く | K4: 見積選択 | L4: 対象窓種のみ | M4: 10
A5: OP-SL-LARGE-HANDLE | B5: SER-LIX-SAMOSL | C5: 引違い窓系 | D5: * | E5: 操作 | F5: 大型把手 | G5: TRUE | H5: 価格表確認済み | I5: 202604完成品価格表 P226 | J5: 把手障子用 | K5: 見積選択 | L5: 把手障子 | M5: 20
A6: OP-SL-ASSIST-HANDLE | B6: SER-LIX-SAMOSL | C6: 引違い窓系 | D6: * | E6: 操作 | F6: アシスト把手 | G6: TRUE | H6: 価格表確認済み | I6: P226 | J6: 高温多湿・浴室不可 | K6: 見積選択 | L6: 把手障子 | M6: 30
A7: OP-SL-ANTIVIRAL-HANDLE | B7: SER-LIX-SAMOSL | C7: 引違い窓系 | D7: * | E7: 操作 | F7: 抗菌・抗ウイルス大型把手 | G7: TRUE | H7: 価格表確認済み | I7: P226 | J7: 高温多湿・浴室不可 | K7: 見積選択 | L7: 把手障子 | M7: 40
A8: OP-SL-VENT-TOP | B8: SER-LIX-SAMOSL | C8: 引違い窓系 | D8: * | E8: 換気 | F8: フィルター付上桟一体換気窓 | G8: TRUE | H8: 価格表確認済み | I8: P226 | J8: 把手障子の外障子側。HK/HKK除外 | K8: 見積選択 | L8: 対象障子のみ | M8: 50
A9: OP-SL-FINGER-GUARD | B9: SER-LIX-SAMOSL | C9: 引違い窓系 | D9: * | E9: 安全 | F9: 指はさみ防止部品 | G9: TRUE | H9: 価格表確認済み | I9: P227 | J9: アングルカバー併用不可/高温多湿不可 | K9: 見積選択 | L9: 対象窓種のみ | M9: 60
A10: OP-SL-SMALL-STOPPER | B10: SER-LIX-SAMOSL | C10: 引違い窓系 | D10: * | E10: 安全 | F10: 小開口ストッパー | G10: TRUE | H10: 価格表確認済み | I10: P227 | J10: 4枚建・非常用進入口・装飾HK/HKK等は制限 | K10: 見積選択 | L10: 適用条件通過時 | M10: 70
A11: OP-SL-CRESCENT | B11: SER-LIX-SAMOSL | C11: 引違い窓系 | D11: * | E11: 錠 | F11: クレセント | G11: TRUE | H11: 有償品対応一覧確認済み | I11: 共通有償品 | J11: 交換/仕様選択 | K11: 部材選択 | L11: 該当窓種 | M11: 80
A12: OP-SL-SMART-CRESCENT | B12: SER-LIX-SAMOSL | C12: 引違い窓系 | D12: * | E12: 錠 | F12: スマートクレセント | G12: TRUE | H12: 有償品対応一覧確認済み | I12: 共通有償品 | J12: 併用制限あり | K12: 見積選択 | L12: 適用窓種/併用条件 | M12: 90
A13: OP-SL-KEY-CRESCENT | B13: SER-LIX-SAMOSL | C13: 引違い窓系 | D13: * | E13: 錠 | F13: キー付クレセント | G13: TRUE | H13: 有償品対応一覧確認済み | I13: 共通有償品 | J13: 併用制限あり | K13: 見積選択 | L13: 適用窓種/併用条件 | M13: 100
A14: OP-SL-DIAL-CRESCENT | B14: SER-LIX-SAMOSL | C14: 引違い窓系 | D14: * | E14: 錠 | F14: ダイヤル錠クレセント | G14: TRUE | H14: 価格表確認済み | I14: 共通有償品 | J14: H条件・品種条件あり | K14: 見積選択 | L14: 適用条件通過時 | M14: 110
A15: OP-SL-TYPHOON-STOPPER | B15: SER-LIX-SAMOSL | C15: 引違い窓系 | D15: * | E15: 安全 | F15: 台風ストッパー | G15: TRUE | H15: 有償品対応一覧確認済み | I15: 共通有償品 | K15: 見積選択 | L15: 対象窓種 | M15: 120
A16: OP-SL-SCREEN-STOPPER | B16: SER-LIX-SAMOSL | C16: 引違い網戸 | D16: * | E16: 網戸部材 | F16: 網戸ストッパー | G16: TRUE | H16: カタログ確認済み | I16: 網戸関連部材 | J16: 大/小。内障子・外障子で適用差 | K16: 見積選択 | L16: 引違い網戸選択時 | M16: 130
A17: OP-SL-ANGLE-COVER | B17: SER-LIX-SAMOSL | C17: * | D17: * | E17: 枠/意匠 | F17: アングルカバー | G17: TRUE | H17: 価格表確認済み | I17: 共通有償品 | J17: 真壁/アングルなし等。高温多湿不可条件あり | K17: 見積選択 | L17: 対象納まり | M17: 140
A18: OP-SL-TILE-FRAME | B18: SER-LIX-SAMOSL | C18: * | D18: * | E18: 枠/意匠 | F18: タイル用四方額縁 | G18: TRUE | H18: 価格表確認済み | I18: 共通有償品 | K18: 見積選択 | L18: 対象納まり | M18: 150
A19: OP-SL-TILE-SCREW | B19: SER-LIX-SAMOSL | C19: * | D19: * | E19: 取付 | F19: タイル用四方額縁アングル取付ねじセット | G19: TRUE | H19: 価格表確認済み | I19: 共通有償品 | K19: 部材選択 | L19: タイル用四方額縁選択時 | M19: 160
A20: OP-SL-FLAT-GUIDE | B20: SER-LIX-SAMOSL | C20: WT-SL-SHUTTER-HIKI | D20: SP-SL-SHUT-E-STD | E20: バリアフリー | F20: フラットアタッチメント仕様ガイドレール | G20: TRUE | H20: 価格表確認済み | I20: 共通有償品 | J20: 電動標準タイプ条件 | K20: 見積選択 | L20: 該当シャッターのみ | M20: 170
A21: OP-SL-FLAT-SKIRT | B21: SER-LIX-SAMOSL | C21: WT-SL-SHUTTER-HIKI | D21: SP-SL-SHUT-M-STD | E21: バリアフリー | F21: フラットアタッチメント仕様手動幅木 | G21: TRUE | H21: 価格表確認済み | I21: 共通有償品 | K21: 見積選択 | L21: 該当シャッターのみ | M21: 180
A22: OP-SL-SMALL-ARM | B22: SER-LIX-SAMOSL | C22: 装飾窓系 | D22: * | E22: 安全 | F22: 小開口アーム | G22: TRUE | H22: 有償品対応一覧確認済み | I22: 共通有償品 | K22: 見積選択 | L22: 対象装飾窓 | M22: 190
A23: OP-SL-CORNER-AIRTIGHT | B23: SER-LIX-SAMOSL | C23: 装飾窓系 | D23: * | E23: 気密 | F23: コーナー気密部品セット | G23: TRUE | H23: 有償品対応一覧確認済み | I23: 共通有償品 | K23: 部材選択 | L23: 対象窓種 | M23: 200
A24: OP-SL-OPERATOR-HANDLE | B24: SER-LIX-SAMOSL | C24: WT-SL-KOSHO-YOKO | D24: * | E24: 操作 | F24: オペレーター本体（ハンドル用） | G24: TRUE | H24: 価格表確認済み | I24: P138/共通有償品 | K24: 見積選択 | L24: 高所用横すべり出し窓 | M24: 210
A25: OP-SL-OPERATOR-PULLEY | B25: SER-LIX-SAMOSL | C25: WT-SL-KOSHO-YOKO | D25: * | E25: 操作 | F25: オペレーター本体（滑車用） | G25: TRUE | H25: 価格表確認済み | I25: P138/共通有償品 | K25: 見積選択 | L25: 高所用横すべり出し窓 | M25: 220
A26: OP-SL-PULLEY | B26: SER-LIX-SAMOSL | C26: WT-SL-KOSHO-YOKO | D26: * | E26: 操作 | F26: 滑車 | G26: TRUE | H26: 価格表確認済み | I26: 共通有償品 | K26: 部材選択 | L26: 滑車操作選択時 | M26: 230
A27: OP-SL-SINGLE-CHAIN | B27: SER-LIX-SAMOSL | C27: WT-SL-KOSHO-YOKO | D27: * | E27: 操作 | F27: シングルループチェーン | G27: TRUE | H27: 価格表確認済み | I27: P138/共通有償品 | K27: 見積選択 | L27: チェーン操作 | M27: 240
A28: OP-SL-DOUBLE-CHAIN | B28: SER-LIX-SAMOSL | C28: WT-SL-KOSHO-YOKO | D28: * | E28: 操作 | F28: ダブルループチェーン | G28: TRUE | H28: 価格表確認済み | I28: P138/共通有償品 | K28: 見積選択 | L28: チェーン操作 | M28: 250
A29: OP-SL-ELECTRIC-UNIT | B29: SER-LIX-SAMOSL | C29: WT-SL-KOSHO-YOKO | D29: * | E29: 電動 | F29: 電動ユニット本体 | G29: TRUE | H29: 価格表確認済み | I29: P138/共通有償品 | J29: 単機能リモコン同梱仕様あり | K29: 見積選択 | L29: 電動操作 | M29: 260
A30: OP-SL-REMOTE-SIMPLE | B30: SER-LIX-SAMOSL | C30: 電動対象窓種 | D30: * | E30: 電動 | F30: 単機能リモコン | G30: TRUE | H30: 有償品対応一覧確認済み | I30: 共通有償品 | K30: 見積選択 | L30: 電動仕様選択時 | M30: 270
A31: OP-SL-REMOTE-HIGH | B31: SER-LIX-SAMOSL | C31: 電動対象窓種 | D31: * | E31: 電動 | F31: 高機能リモコン | G31: TRUE | H31: 有償品対応一覧確認済み | I31: 共通有償品 | K31: 見積選択 | L31: 電動仕様選択時 | M31: 280
A32: OP-SL-HOME-DEVICE | B32: SER-LIX-SAMOSL | C32: 電動対象窓種 | D32: * | E32: 電動 | F32: ホームデバイス | G32: TRUE | H32: 有償品対応一覧確認済み | I32: 共通有償品 | K32: 見積選択 | L32: 対応電動仕様 | M32: 290
A33: OP-SL-FIX-BEAD-OUT | B33: SER-LIX-SAMOSL | C33: WT-SL-FIX-OUT | D33: * | E33: ガラス保持 | F33: FIX窓（外押縁タイプ）用後付ビード | G33: TRUE | H33: 価格表確認済み | I33: 共通有償品 | K33: 部材選択 | L33: FIX外押縁 | M33: 300
A34: OP-SL-FIX-BEAD-IN | B34: SER-LIX-SAMOSL | C34: WT-SL-FIX-IN | D34: * | E34: ガラス保持 | F34: FIX窓（内押縁タイプ）用後付ビード | G34: TRUE | H34: 価格表確認済み | I34: 共通有償品 | K34: 部材選択 | L34: FIX内押縁 | M34: 310
A35: OP-SL-FIX-SECURITY | B35: SER-LIX-SAMOSL | C35: WT-SL-FIX-OUT | D35: * | E35: 防犯 | F35: FIX窓用防犯部品セット | G35: TRUE | H35: 価格表確認済み | I35: 共通有償品 | K35: 見積選択 | L35: 対象FIX | M35: 320
A36: OP-SL-OUT-HOOK | B36: SER-LIX-SAMOSL | C36: WT-SL-SOTODAOSHI | D36: * | E36: 操作 | F36: 外倒し窓用フック棒 | G36: TRUE | H36: 有償品対応一覧確認済み | I36: 共通有償品 | K36: 見積選択 | L36: 外倒し窓 | M36: 330
A37: OP-SL-OUT-RETURN | B37: SER-LIX-SAMOSL | C37: WT-SL-SOTODAOSHI | D37: * | E37: 操作 | F37: 外倒し窓用復帰セット | G37: TRUE | H37: 有償品対応一覧確認済み | I37: 共通有償品 | K37: 部材選択 | L37: 外倒し窓 | M37: 340
A38: OP-SL-OUT-JOINT | B38: SER-LIX-SAMOSL | C38: WT-SL-SOTODAOSHI | D38: * | E38: 連窓 | F38: 外倒し窓用連窓用部品セット | G38: TRUE | H38: 有償品対応一覧確認済み | I38: 共通有償品 | K38: 部材選択 | L38: 連窓時 | M38: 350
A39: OP-SL-OUT-CABLE | B39: SER-LIX-SAMOSL | C39: WT-SL-SOTODAOSHI | D39: * | E39: 操作 | F39: 外倒し窓用延長ケーブル | G39: TRUE | H39: 有償品対応一覧確認済み | I39: 共通有償品 | K39: 部材選択 | L39: 対象仕様 | M39: 360
A40: OP-SL-VENT-WINDOW | B40: SER-LIX-SAMOSL | C40: 装飾窓系 | D40: * | E40: 換気 | F40: 別体換気窓 | G40: TRUE | H40: カタログ確認済み | I40: SM3100/共通有償品 | J40: サーモスⅡ-H/Lのみ | K40: 見積選択 | L40: 対象窓種 | M40: 370
A41: OP-SL-MULLION | B41: SER-LIX-SAMOSL | C41: 連窓・段窓 | D41: * | E41: 連窓 | F41: 連窓方立 | G41: TRUE | H41: 価格表確認済み | I41: 共通有償品 | K41: 部材選択 | L41: 連窓 | M41: 380
A42: OP-SL-BATH-MULLION | B42: SER-LIX-SAMOSL | C42: 連窓・段窓 | D42: * | E42: 連窓 | F42: 浴室用連窓方立 | G42: TRUE | H42: 価格表確認済み | I42: 共通有償品 | K42: 部材選択 | L42: 浴室連窓 | M42: 390
A43: OP-SL-TRANSOM | B43: SER-LIX-SAMOSL | C43: 連窓・段窓 | D43: * | E43: 段窓 | F43: 段窓無目 | G43: TRUE | H43: 価格表確認済み | I43: 共通有償品 | K43: 部材選択 | L43: 段窓 | M43: 400
A44: OP-SL-WINDOW-MOLD | B44: SER-LIX-SAMOSL | C44: * | D44: * | E44: 意匠 | F44: 窓モール | G44: TRUE | H44: 価格表確認済み | I44: 共通有償品 | K44: 見積選択 | L44: 対象納まり | M44: 410
A45: OP-SL-THUMBTURN-STD | B45: SER-LIX-SAMOSL | C45: ドア系 | D45: * | E45: 錠 | F45: 標準サムターンセット | G45: TRUE | H45: 価格表確認済み | I45: P286-288 | K45: 見積選択 | L45: ドア系 | M45: 420
A46: OP-SL-THUMBTURN-SEC | B46: SER-LIX-SAMOSL | C46: ドア系 | D46: * | E46: 錠 | F46: セキュリティサムターンセット | G46: TRUE | H46: 価格表確認済み | I46: P286-288 | K46: 見積選択 | L46: ドア系 | M46: 430
A47: OP-SL-SMART-THUMBTURN | B47: SER-LIX-SAMOSL | C47: ドア系 | D47: * | E47: 錠 | F47: スマートサムターン | G47: TRUE | H47: 価格表確認済み | I47: P286-288 | J47: 防犯建物部品シリンダー付等に制限 | K47: 見積選択 | L47: 適用条件通過時 | M47: 440
A48: OP-SL-CYLINDER-STD | B48: SER-LIX-SAMOSL | C48: ドア系 | D48: * | E48: 錠 | F48: シリンダーセット（標準） | G48: TRUE | H48: 価格表確認済み | I48: P286-288 | K48: 見積選択 | L48: ドア系 | M48: 450
A49: OP-SL-CYLINDER-SEC | B49: SER-LIX-SAMOSL | C49: ドア系 | D49: * | E49: 錠 | F49: シリンダーセット（防犯） | G49: TRUE | H49: 価格表確認済み | I49: P286-288 | K49: 見積選択 | L49: ドア系 | M49: 460
A50: OP-SL-DOOR-HANDLE-STD | B50: SER-LIX-SAMOSL | C50: ドア系 | D50: * | E50: ハンドル | F50: ハンドルセット（標準） | G50: TRUE | H50: 価格表確認済み | I50: P286-288 | K50: 見積選択 | L50: ドア系 | M50: 470
A51: OP-SL-DOOR-HANDLE-SLIM | B51: SER-LIX-SAMOSL | C51: ドア系 | D51: * | E51: ハンドル | F51: ハンドルセット（スリム） | G51: TRUE | H51: 価格表確認済み | I51: P286-288 | K51: 見積選択 | L51: 対象ドア | M51: 480
A52: OP-SL-DOOR-CLOSER | B52: SER-LIX-SAMOSL | C52: WT-SL-KATTEGUCHI-VENT-FS/WT-SL-KATTEGUCHI | D52: * | E52: 開閉 | F52: ドアクローザ | G52: TRUE | H52: 価格表確認済み | I52: P286-288 | J52: 採風勝手口/勝手口で仕様差 | K52: 見積選択 | L52: 対象ドア | M52: 490
A53: OP-SL-HANDLE-GASKET | B53: SER-LIX-SAMOSL | C53: ドア系 | D53: * | E53: 部材 | F53: ハンドル台座パッキンセット | G53: TRUE | H53: 価格表確認済み | I53: P286-288 | K53: 部材選択 | L53: 対象ハンドル | M53: 500
A54: OP-SL-FRICTION-ARM | B54: SER-LIX-SAMOSL | C54: ドア系 | D54: * | E54: 開閉 | F54: フリクションアーム | G54: TRUE | H54: 価格表確認済み | I54: P286-288 | K54: 部材選択 | L54: 対象ドア | M54: 510
A55: OP-SL-PIVOT-HINGE | B55: SER-LIX-SAMOSL | C55: ドア系 | D55: * | E55: 開閉 | F55: ピボットヒンジ | G55: TRUE | H55: 価格表確認済み | I55: P286-288 | K55: 部材選択 | L55: 対象ドア | M55: 520
A56: OP-SL-J-SPACER | B56: SER-LIX-SAMOSL | C56: しまえるんですJ | D56: * | E56: 網戸部材 | F56: しまえるんですJ スペースカバー | G56: TRUE | H56: 価格表確認済み | I56: P287 | K56: 部材選択 | L56: しまえるんですJ選択時 | M56: 530
A57: OP-SL-J-JOINT | B57: SER-LIX-SAMOSL | C57: しまえるんですJ | D57: * | E57: 網戸部材 | F57: 連窓用補助枠 | G57: TRUE | H57: 価格表確認済み | I57: P287 | K57: 部材選択 | L57: しまえるんですJ/連窓 | M57: 540
A58: OP-SL-J-TRANSOM | B58: SER-LIX-SAMOSL | C58: しまえるんですJ | D58: * | E58: 網戸部材 | F58: 段窓補助部材 | G58: TRUE | H58: 価格表確認済み | I58: P287 | K58: 部材選択 | L58: しまえるんですJ/段窓 | M58: 550
A59: OP-SL-J-SSRAIL | B59: SER-LIX-SAMOSL | C59: しまえるんですJ | D59: * | E59: 網戸部材 | F59: ステンレスレール | G59: TRUE | H59: 価格表確認済み | I59: P287/網戸関連部材 | K59: 見積選択 | L59: しまえるんですJ選択時 | M59: 560
A60: OP-SL-J-ANCHOR | B60: SER-LIX-SAMOSL | C60: しまえるんですJ | D60: * | E60: 網戸部材 | F60: アンカープレートセット | G60: TRUE | H60: 価格表確認済み | I60: P287 | K60: 部材選択 | L60: しまえるんですJ | M60: 570
A61: OP-SL-J-CATERPILLAR | B61: SER-LIX-SAMOSL | C61: しまえるんですJ | D61: * | E61: メンテ | F61: 交換用キャタピラセット | G61: TRUE | H61: 価格表確認済み | I61: P287/網戸関連部材 | K61: 施工/メンテ | L61: 交換時 | M61: 580
A62: OP-SL-WATERPROOF-TAPE | B62: SER-LIX-SAMOSL | C62: * | D62: * | E62: 施工 | F62: 防水テープ | G62: TRUE | H62: 価格表確認済み | I62: 共通有償品 | K62: 施工/メンテ | L62: 詳細モード | M62: 600
A63: OP-SL-PRE-WATERPROOF | B63: SER-LIX-SAMOSL | C63: * | D63: * | E63: 施工 | F63: 先張り防水シート | G63: TRUE | H63: 価格表確認済み | I63: 共通有償品 | K63: 施工/メンテ | L63: 詳細モード | M63: 610
A64: OP-SL-AUX-SEAL | B64: SER-LIX-SAMOSL | C64: * | D64: * | E64: 施工 | F64: サッシ防水補助シール | G64: TRUE | H64: 価格表確認済み | I64: 共通有償品 | K64: 施工/メンテ | L64: 詳細モード | M64: 620
... A70: OP-SL-SILL-SS-COVER | B70: SER-LIX-SAMOSL | C70: ドア系 | D70: * | E70: 耐久 | F70: 下枠ステンレスカバー | G70: TRUE | H70: カタログ確認済み | I70: ドア有償品 | K70: 見積選択 | L70: 対象ドア | M70: 680
A201: OP-SL-EMERGENCY-SKIRT | B201: SER-LIX-SAMOSL | C201: WT-SL-SHUTTER-HIKI | D201: SP-SL-SHUT-M-STD | E201: シャッター | F201: 代替進入口用幅木仕様 | G201: TRUE | H201: 公式資料確認済み | I201: IS8900 P55/P59（PDF57/61） | J201: 製作可否・組合せ・価格は見積先へ確認。電動・耐風は対象外。 | K201: 見積選択 | L201: 手動・標準タイプのみ | M201: 190

Sheet 11_見積入力テスト
A1: 入力フロー確認用｜見積明細1行テスト
A2: サーモスL初期版の構造確認用。未投入の規格サイズは本格投入工程で置換する。
A3: 入力項目 | B3: 入力値 | C3: 状態 | D3: 設計チェック | E3: 判定
A4: 商品区分 | B4: サッシ | C4: 確定 | D4: チェック1 | E4: 防火を別項目で聞いていないか → OK
A5: メーカー | B5: LIXIL | C5: 確定 | D5: チェック2 | E5: メーカー → シリーズ連動 → OK
A6: シリーズ | B6: サーモスL | C6: 確定 | D6: チェック3 | E6: 防火戸FG-Lを混在させない → OK
A7: 窓種 | B7: 単体引違い窓 | C7: 確定 | D7: チェック4 | E7: 窓種固有仕様は不要 → OK
A8: 窓種固有仕様 | B8: 対象外 | C8: 確定 | D8: チェック5 | E8: 固有仕様の位置は窓種直後 → OK
A9: サイズ | B9: 未投入 | C9: 未投入 | D9: チェック6 | E9: シリーズ×窓種×固有仕様へ連動できる構造 → OK
A10: 外観色 | B10: ダスクグレー | C10: 確定 | D10: チェック7 | E10: P48掲載色 → OK
A11: 内観色 | B11: ブラック | C11: 確定 | D11: チェック8 | E11: 外観ダスクグレーの内観ブラック制約 → OK
A12: 網戸 | B12: あり／引違い網戸／中桟なし／きれいネット | C12: v0.4形式・ネット・サイズ連動 | D12: チェック9 | E12: H<1370かつペットネットW制限等を09Cで評価 → OK
A13: ガラス | B13: Low-E複層ガラス | C13: v0.4窓種カテゴリ連動 | D13: チェック10 | E13: 08Bで窓種カテゴリ可否 → OK
A14: ガラス詳細 | B14: 3-Ar16-LowE3（クリア） | C14: 08C制限判定対象 | D14: チェック11 | E14: ★/☆耐風圧・重量等は08Cで最終判定
... A16: 数量 | B16: 1 | C16: 見積明細側 | D16: チェック13 | E16: 商品マスター外 → OK

Sheet 12_投入QA
A1: サーモスL 規格サイズ投入 QA｜v0.7-R2
A2: 累積規格1,644行（有効1,495）を維持し、ガラスSemantic Recoveryは既存サイズ能力を変更しない。
A4: QA項目 | B4: 結果 | D4: 今回照合対象 | E4: 設定可 | F4: 設定なし | G4: 合計
A5: 規格サイズ総行数 | B5: 1644 | D5: 電動 採風タイプ | E5: 88 | F5: 13 | G5: 101
A6: 有効サイズ行数 | B6: 1495 | D6: 電動 耐風タイプ | E6: 53 | F6: 48 | G6: 101
A7: 設定なし（価格表確認済み） | B7: 104 | D7: 手動 耐風タイプ | E7: 0 | F7: 12 | G7: 12
A8: v0.5履歴行（旧汎用縦OP） | B8: 45 | D8: 面格子付引違い窓 縦/ヒシ/井桁 | E8: 219 | F8: 0 | G8: 219
A9: 個別可否 要照合 | B9: 0 | D9: 面格子付引違い窓 横格子 | E9: 42 | F9: 31 | G9: 73
A10: v0.5詳細規格追加 | B10: 158 | D10: 面格子付上げ下げ窓FS 4種 | E10: 80 | F10: 0 | G10: 80
A11: 縦すべり詳細規格 | B11: 138
A12: 横すべりカム規格 | B12: 20
A13: 実寸W/H欠損 | B13: 0

Sheet 13_可否証跡
A1: サーモスL 個別設定可否 証跡｜v0.3
A2: v0.2で要照合だった586行の根拠台帳。誌面ページはカタログ印字ページ。価格が確認できた組合せを設定可、設定なし表示/価格なしを設定なしとして記録。
A3: size_id | B3: 窓種 | C3: 固有仕様ID | D3: 工法区分 | E3: 呼称 | F3: 呼称W | G3: 呼称H | H3: W(mm) | I3: H(mm) | J3: 判定 | K3: 有効 | L3: 誌面ページ | M3: 確認根拠
A4: SZ-SL-000178 | B4: シャッター付引違い窓 | C4: SP-SL-SHUT-E-VENT | D4: 在来・204 | E4: 11409 | F4: 114 | G4: 09 | H4: 1185 | I4: 970 | J4: 設定可 | K4: TRUE | L4: 30 | M4: +¥341,200 / +¥357,800
A5: SZ-SL-000179 | B5: シャッター付引違い窓 | C5: SP-SL-SHUT-E-VENT | D5: 在来・204 | E5: 11411 | F5: 114 | G5: 11 | H5: 1185 | I5: 1170 | J5: 設定可 | K5: TRUE | L5: 30 | M5: +¥341,000 / +¥357,900
A6: SZ-SL-000180 | B6: シャッター付引違い窓 | C6: SP-SL-SHUT-E-VENT | D6: 在来・204 | E6: 11909 | F6: 119 | G6: 09 | H6: 1235 | I6: 970 | J6: 設定可 | K6: TRUE | L6: 30 | M6: +¥341,200 / +¥357,800
A7: SZ-SL-000181 | B7: シャッター付引違い窓 | C7: SP-SL-SHUT-E-VENT | D7: 在来・204 | E7: 11911 | F7: 119 | G7: 11 | H7: 1235 | I7: 1170 | J7: 設定可 | K7: TRUE | L7: 30 | M7: +¥341,000 / +¥357,900
A8: SZ-SL-000182 | B8: シャッター付引違い窓 | C8: SP-SL-SHUT-E-VENT | D8: 在来・204 | E8: 12809 | F8: 128 | G8: 09 | H8: 1320 | I8: 970 | J8: 設定可 | K8: TRUE | L8: 30 | M8: +¥341,000 / +¥358,000
A9: SZ-SL-000183 | B9: シャッター付引違い窓 | C9: SP-SL-SHUT-E-VENT | D9: 在来・204 | E9: 12811 | F9: 128 | G9: 11 | H9: 1320 | I9: 1170 | J9: 設定可 | K9: TRUE | L9: 30 | M9: +¥340,900 / +¥357,700
A10: SZ-SL-000184 | B10: シャッター付引違い窓 | C10: SP-SL-SHUT-E-VENT | D10: 在来・204 | E10: 13309 | F10: 133 | G10: 09 | H10: 1370 | I10: 970 | J10: 設定可 | K10: TRUE | L10: 30 | M10: +¥341,000 / +¥358,000
A11: SZ-SL-000185 | B11: シャッター付引違い窓 | C11: SP-SL-SHUT-E-VENT | D11: 在来・204 | E11: 13311 | F11: 133 | G11: 11 | H11: 1370 | I11: 1170 | J11: 設定可 | K11: TRUE | L11: 30 | M11: +¥340,900 / +¥357,700
A12: SZ-SL-000186 | B12: シャッター付引違い窓 | C12: SP-SL-SHUT-E-WIND | D12: 在来・204 | E12: 11409 | F12: 114 | G12: 09 | H12: 1185 | I12: 970 | J12: 設定可 | K12: TRUE | L12: 30 | M12: +¥84,700 / +¥88,900
A13: SZ-SL-000187 | B13: シャッター付引違い窓 | C13: SP-SL-SHUT-E-WIND | D13: 在来・204 | E13: 11411 | F13: 114 | G13: 11 | H13: 1185 | I13: 1170 | J13: 設定可 | K13: TRUE | L13: 30 | M13: +¥86,200 / +¥90,500
A14: SZ-SL-000188 | B14: シャッター付引違い窓 | C14: SP-SL-SHUT-E-WIND | D14: 在来・204 | E14: 11909 | F14: 119 | G14: 09 | H14: 1235 | I14: 970 | J14: 設定可 | K14: TRUE | L14: 30 | M14: +¥84,700 / +¥88,900
A15: SZ-SL-000189 | B15: シャッター付引違い窓 | C15: SP-SL-SHUT-E-WIND | D15: 在来・204 | E15: 11911 | F15: 119 | G15: 11 | H15: 1235 | I15: 1170 | J15: 設定可 | K15: TRUE | L15: 30 | M15: +¥86,200 / +¥90,500
... A589: SZ-SL-001044 | B589: 面格子付上げ下げ窓FS | C589: SP-SL-AGE-GRILLE-V | D589: 在来・204 | E589: 07413 | F589: 074 | G589: 13 | H589: 780 | I589: 1370 | J589: 設定可 | K589: TRUE | L589: 147 | M589: ¥95,000 / ¥102,900

Sheet 08B_ガラス窓種制御
A1: ガラス窓種別設定制御｜サーモスL v0.5
A2: 完成品価格表のガラス区分をアプリ候補へ正規化。○は価格表上の基本カテゴリ掲載確認。ここでは『カテゴリ選択可否』を管理し、ガラス厚・耐風圧・重量・機能ガラスの細部制限は08Cへ分離する。
A3: rule_id | B3: シリーズID | C3: 窓種ID | D3: 固有仕様ID | E3: 窓種/仕様 | F3: 一般複層_透明 | G3: 一般複層_型 | H3: Low-E_透明 | I3: Low-E_型 | J3: 物理構成参照 | K3: 厚み/耐風圧制御 | L3: 有効 | M3: 登録状態 | N3: 出典
A4: GCR-SL-001 | B4: SER-LIX-SAMOSL | C4: WT-SL-HIKICHIGAI | D4: * | E4: 単体引違い窓 | F4: ○ | G4: ○ | H4: ○ | I4: ○ | J4: GL-SL-001～009 | K4: 08C | L4: TRUE | M4: 価格表カテゴリ確認済み | N4: 202604完成品価格表 P6-29
A5: GCR-SL-002 | B5: SER-LIX-SAMOSL | C5: WT-SL-SHUTTER-HIKI | D5: * | E5: シャッター付引違い窓 | F5: ○ | G5: ○ | H5: ○ | I5: ○ | J5: GL-SL-001～009 | K5: 08C | L5: TRUE | M5: 価格表カテゴリ確認済み | N5: P30-65
A6: GCR-SL-003 | B6: SER-LIX-SAMOSL | C6: WT-SL-AMADO-HIKI | D6: * | E6: 雨戸付引違い窓 | F6: ○ | G6: ○ | H6: ○ | I6: ○ | J6: GL-SL-001～009 | K6: 08C | L6: TRUE | M6: 価格表カテゴリ確認済み | N6: P66-89
A7: GCR-SL-004 | B7: SER-LIX-SAMOSL | C7: WT-SL-MENKOSHI-HIKI | D7: * | E7: 面格子付引違い窓 | F7: ○ | G7: ○ | H7: ○ | I7: ○ | J7: GL-SL-001～009 | K7: 08C | L7: TRUE | M7: 価格表カテゴリ確認済み | N7: P90-113
A8: GCR-SL-005 | B8: SER-LIX-SAMOSL | C8: WT-SL-TATE-SUBERI | D8: SP-SL-TATE-OP | E8: 縦すべり出し窓（オペレーター） | F8: ○ | G8: ○ | H8: ○ | I8: ○ | J8: GL-SL-001～009 | K8: 08C | L8: FALSE | M8: v0.5履歴：詳細構成へ置換 | N8: P114-121
A9: GCR-SL-006 | B9: SER-LIX-SAMOSL | C9: WT-SL-TATE-SUBERI | D9: SP-SL-TATE-CAM | E9: 縦すべり出し窓（カムラッチ） | F9: ○ | G9: ○ | H9: ○ | I9: ○ | J9: GL-SL-001～009 | K9: 08C | L9: FALSE | M9: v0.5履歴：詳細構成へ置換 | N9: P122-129
A10: GCR-SL-007 | B10: SER-LIX-SAMOSL | C10: WT-SL-YOKO-SUBERI | D10: SP-SL-YOKO-OP | E10: 横すべり出し窓（オペレーター） | F10: ○ | G10: ○ | H10: ○ | I10: ○ | J10: GL-SL-001～009 | K10: 08C | L10: TRUE | M10: 価格表カテゴリ確認済み | N10: P130-133
A11: GCR-SL-008 | B11: SER-LIX-SAMOSL | C11: WT-SL-YOKO-SUBERI | D11: SP-SL-YOKO-CAM | E11: 横すべり出し窓（カムラッチ） | F11: ○ | G11: ○ | H11: ○ | I11: ○ | J11: GL-SL-001～009 | K11: 08C | L11: TRUE | M11: 価格表カテゴリ確認済み | N11: P134-137
A12: GCR-SL-009 | B12: SER-LIX-SAMOSL | C12: WT-SL-KOSHO-YOKO | D12: * | E12: 高所用横すべり出し窓 | F12: ○ | G12: ○ | H12: ○ | I12: ○ | J12: GL-SL-001～009 | K12: 08C | L12: TRUE | M12: 価格表カテゴリ確認済み | N12: P138-141
A13: GCR-SL-010 | B13: SER-LIX-SAMOSL | C13: WT-SL-AGE-SAGE-FS | D13: * | E13: 上げ下げ窓FS | F13: ○ | G13: ○ | H13: ○ | I13: ○ | J13: GL-SL-001～009 | K13: 08C（重量） | L13: TRUE | M13: 価格表カテゴリ確認済み | N13: P142-143
A14: GCR-SL-011 | B14: SER-LIX-SAMOSL | C14: WT-SL-MENKOSHI-AGE-FS | D14: * | E14: 面格子付上げ下げ窓FS | F14: ○ | G14: ○ | H14: ○ | I14: ○ | J14: GL-SL-001～009 | K14: 08C（重量） | L14: TRUE | M14: 価格表カテゴリ確認済み | N14: P144-147
A15: GCR-SL-012 | B15: SER-LIX-SAMOSL | C15: WT-SL-FIX-OUT | D15: * | E15: FIX窓（外押縁タイプ） | F15: ○ | G15: ○ | H15: ○ | I15: ○ | J15: GL-SL-001～009 | K15: 08C | L15: TRUE | M15: 価格表カテゴリ確認済み | N15: P148-167
... A32: GCR-SL-029 | B32: SER-LIX-SAMOSL | C32: WT-SL-TATE-SUBERI | D32: SP-SL-TATE-CAM-TFT-IN | E32: 縦すべり出し窓 TFT（カムラッチ）（FIX部 内押縁タイプ） | F32: ○ | G32: ○ | H32: ○ | I32: ○ | J32: GL-SL-001～009 | K32: 08A/08D | L32: TRUE | M32: 2026価格表カテゴリ確認済み | N32: P129

Sheet 08C_ガラス制限
A1: ガラス制限ルール｜ページ×記号・重量・機能確認｜サーモスL v0.5
A2: ★/☆等をシリーズ共通の固定意味として扱わない。価格表はページ・障子構成ごとに凡例が異なるため、06_サイズS:V → 08A → 08D のページ×記号参照を正本とする。
A3: limit_id | B3: 対象窓種ID | C3: 対象仕様ID | D3: 制限分類 | E3: 条件 | F3: 制御内容 | G3: 判定 | H3: 有効 | I3: 登録状態 | J3: 出典 | K3: アプリ動作 | L3: 次工程 | M3: 備考
A4: GLR-SL-001 | B4: 引違い窓系 | C4: * | D4: 耐風圧 | E4: 規格表★記号サイズ | F4: 外障子は4+A+4以上 | G4: 条件付可 | H4: FALSE | I4: v0.5で廃止：固定意味を使用しない | J4: SAMOSⅡ-H/L 商品カタログ 規格サイズ/耐風圧欄 | K4: 条件未満の構成を候補から除外 | L4: ★対象size_idへ展開 | M4: 対象サイズの記号紐付けが必要
A5: GLR-SL-002 | B5: 引違い窓系 | C5: * | D5: 耐風圧 | E5: 規格表☆記号サイズ | F5: 外障子は5+A+5以上 | G5: 条件付可 | H5: FALSE | I5: v0.5で廃止：固定意味を使用しない | J5: SAMOSⅡ-H/L 商品カタログ 規格サイズ/耐風圧欄 | K5: 条件未満の構成を候補から除外 | L5: ☆対象size_idへ展開 | M5: 対象サイズの記号紐付けが必要
A6: GLR-SL-003 | B6: WT-SL-AGE-SAGE-FS | C6: * | D6: 障子重量 | E6: ガラス選択後の障子重量 | F6: 1.4kg以上13kg以下 | G6: 条件付可 | H6: TRUE | I6: v0.6計算実装済み | J6: 商品カタログ P194 | K6: 08Fで重量・バランサーを自動判定 | L6: 完了 | M6: 1.4～13kg／H区分バランサー
A7: GLR-SL-004 | B7: WT-SL-MENKOSHI-AGE-FS | C7: * | D7: 障子重量 | E7: ガラス選択後の障子重量 | F7: 1.4kg以上13kg以下 | G7: 条件付可 | H7: TRUE | I7: v0.6計算実装済み | J7: 商品カタログ P194 | K7: 08Fで重量・バランサーを自動判定 | L7: 完了 | M7: 面格子付も同じ計算ロジック
A8: GLR-SL-005 | B8: * | C8: GL-SL-OPT-MILKY | D8: 機能依存 | E8: 安全合わせ未選択 | F8: 乳白タイプは候補非表示 | G8: 不可 | H8: TRUE | I8: 体系制御 | J8: ガラス商品体系 | K8: 安全合わせ選択時のみ表示 | L8: 完了
A9: GLR-SL-006 | B9: * | C9: GL-SL-OPT-TEMPERED | D9: サイズ/品種 | E9: 具体的組合せ条件未展開 | F9: 自動確定禁止 | G9: BLOCK | H9: TRUE | I9: 詳細条件投入待ち | J9: SM3100 P50-57/規格表 | K9: 候補表示は要確認付き | L9: 窓種×サイズ条件を投入
A10: GLR-SL-007 | B10: * | C10: GL-SL-FUNC-GREEN-HS | D10: 機能ガラス | E10: 窓種・サイズ別可否 | F10: 個別可否表に従う | G10: 条件付可 | H10: TRUE | I10: 体系確認済み／詳細連動待ち | J10: SM3100 P50-57 | K10: 08Bでカテゴリ可でも最終判定を08Cで行う | L10: 機能ガラスサイズ制約を投入
A11: GLR-SL-008 | B11: * | C11: GL-SL-FUNC-HISOLAR | D11: 機能ガラス | E11: 窓種・サイズ別可否 | F11: 個別可否表に従う | G11: 条件付可 | H11: TRUE | I11: 体系確認済み／詳細連動待ち | J11: SM3100 P50-57 | K11: 08Bでカテゴリ可でも最終判定を08Cで行う | L11: 機能ガラスサイズ制約を投入
A12: GLR-SL-009 | B12: * | C12: * | D12: 価格表ガラス記号 | E12: 06_サイズのガラス記号 | F12: ページ×記号凡例を08Dから参照 | G12: ページ別判定 | H12: TRUE | I12: v0.5本投入 | J12: 202604完成品価格表 各価格表下部凡例 | K12: 08A/08Dの凡例キーで候補ガラスを評価 | L12: 継続頁の凡例継承を段階的に原本確定 | M12: 同じ記号でもページ・障子種で意味が変わり得る

Sheet 09B_網戸ネット
A1: 網戸ネット種類マスター｜サーモスL v0.4
A2: 引違い網戸は標準・きれい・虫イヤ・ペットまで選択。その他形式は一次資料で確認できたネットを投入し、形式別の特注ネットは確認状態を明示する。
A3: net_rule_id | B3: 網戸形式 | C3: ネット種類 | D3: 標準/特注 | E3: サイズ条件 | F3: 有効 | G3: 登録状態 | H3: 出典 | I3: アプリ表示 | J3: 優先順 | K3: 備考 | L3: 制御キー
A4: SNR-SL-001 | B4: 引違い網戸 | C4: 標準ネット | D4: 標準 | E4: 09C連動 | F4: TRUE | G4: カタログ確認済み | H4: SM3100 P278 | I4: 表示 | J4: 10 | L4: HIKI-STD
A5: SNR-SL-002 | B5: 引違い網戸 | C5: きれいネット | D5: 標準/機能性 | E5: 09C連動 | F5: TRUE | G5: カタログ確認済み | H5: SM3100 P278 | I5: 表示 | J5: 20 | L5: HIKI-CLEAN
A6: SNR-SL-003 | B6: 引違い網戸 | C6: 虫イヤネット | D6: 特注対応含む | E6: 09C連動 | F6: TRUE | G6: カタログ確認済み | H6: SM3100 P278 | I6: 表示 | J6: 30 | L6: HIKI-INSECT
A7: SNR-SL-004 | B7: 引違い網戸 | C7: ペットネット | D7: 特注対応 | E7: W<=780mm | F7: TRUE | G7: カタログ確認済み | H7: SM3100 P278 | I7: 表示 | J7: 40 | K7: W>780mm製作不可 | L7: PET-W780
A8: SNR-SL-005 | B8: 固定式網戸 | C8: きれいネット | D8: 確認済み | E8: 切断寸法09C | F8: TRUE | G8: 価格表確認済み | H8: 202604完成品価格表 P268-274 | I8: 表示 | J8: 10 | K8: フレームレス/タグ付/フレーム付/内倒し窓用 | L8: FIX-CLEAN
A9: SNR-SL-006 | B9: 横引きロール網戸 | C9: きれいネット | D9: 確認済み | E9: 規格表連動 | F9: TRUE | G9: 価格表確認済み | H9: 202604完成品価格表 P275 | I9: 表示 | J9: 10 | L9: HROLL-CLEAN
A10: SNR-SL-007 | B10: 上げ下げロール網戸 | C10: きれいネット | D10: 確認済み | E10: 09C規格限定 | F10: TRUE | G10: 価格表確認済み | H10: 202604完成品価格表 P276 | I10: 表示 | J10: 10 | L10: VROLL-CLEAN
A11: SNR-SL-008 | B11: 開き網戸 | C11: きれいネット | D11: 確認済み | E11: H13以上中桟付 | F11: TRUE | G11: 価格表確認済み | H11: 202604完成品価格表 P276 | I11: 表示 | J11: 10 | K11: サーモスL/FG-Lのみ | L11: OPEN-CLEAN
A12: SNR-SL-009 | B12: 開き網戸 | C12: 虫イヤネット | D12: 特注対応 | E12: H中桟条件は09C | F12: TRUE | G12: 特注対応確認済み | H12: 商品カタログ P160/P280-281 | I12: 表示 | J12: 20 | K12: 虫イヤネットは特注対応。 | L12: OPEN-INSECT
A13: SNR-SL-010 | B13: 開き網戸 | C13: ペットネット | D13: 特注対応 | E13: W<=780mm＋H中桟条件 | F13: TRUE | G13: 特注対応確認済み | H13: 商品カタログ P160/P280-281 | I13: 表示 | J13: 30 | K13: W>780mmはペットネット製作不可。 | L13: OPEN-PET
A14: SNR-SL-011 | B14: 上げ下げ式網戸 | C14: きれいネット | D14: 確認済み | E14: 09Cホワイトリスト | F14: TRUE | G14: 価格表確認済み | H14: 202604完成品価格表 P277 | I14: 表示 | J14: 10 | L14: UPDOWN-CLEAN
A15: SNR-SL-012 | B15: しまえるんですJ | C15: 専用ネット | D15: 専用品 | E15: 09Cホワイトリスト | F15: TRUE | G15: 形式確認済み | H15: 202604完成品価格表 P287 | I15: 形式として表示 | J15: 10 | K15: ネット交換部材は10_その他OP | L15: J-NET
A16: SNR-SL-013 | B16: 網付格子 | C16: きれいネット | D16: 確認済み | E16: 09Cホワイトリスト | F16: TRUE | G16: 価格表確認済み | H16: 202604完成品価格表 P288 | I16: 表示 | J16: 10 | K16: 採風勝手口ドアFS用 | L16: GRID-CLEAN

Sheet 09C_網戸サイズ制御
A1: 網戸サイズ・中桟制御｜サーモスL v0.6
A2: ペットネットW>780mm不可、開き/引違い網戸の中桟境界、内倒し窓の脱着制限などを一次資料の明示範囲で確定。
A3: screen_limit_id | B3: 対象網戸形式 | C3: 対象窓種ID | D3: 固有仕様ID | E3: 条件項目 | F3: 条件 | G3: 結果/制御 | H3: 有効 | I3: 登録状態 | J3: 出典 | K3: アプリ動作 | L3: 優先順 | M3: 備考
A4: SCR-SL-001 | B4: 引違い網戸 | C4: 引違い窓系 | D4: * | E4: 中桟 | F4: 実寸H>=1370mm | G4: 中桟付を必須 | H4: TRUE | I4: カタログ確認済み | J4: SM3100 P278 | K4: 中桟なしを非表示 | L4: 10
A5: SCR-SL-002 | B5: 引違い網戸 | C5: 引違い窓系 | D5: * | E5: 中桟 | F5: 実寸H<1370mm | G5: 中桟なし/中桟付を候補 | H5: TRUE | I5: 運用ルール | J5: SM3100 P278の1370境界 | K5: 2択表示 | L5: 20 | M5: 規格表で個別不可があれば除外
A6: SCR-SL-003 | B6: * | C6: * | D6: * | E6: ペットネット | F6: 実寸W>780mm | G6: 製作不可 | H6: TRUE | I6: カタログ確認済み | J6: 商品カタログ P169/P183/P278 | K6: ペットネットを非表示 | L6: 5 | M6: 全ペットネット共通
A7: SCR-SL-004 | B7: 開き網戸 | C7: WT-SL-TATE-SUBERI/WT-SL-YOKO-SUBERI | D7: SP-SL-TATE-CAM-* | E7: 中桟 | F7: 基本寸法H>=1370mm | G7: 中桟付 | H7: TRUE | I7: 価格表/カタログ確認済み | J7: 完成品価格表 P266/P276・商品カタログ P278 | K7: 中桟付として自動設定 | L7: 10 | M7: 開き網戸
A8: SCR-SL-005 | B8: 固定式網戸 | C8: WT-SL-TATE-SUBERI/WT-SL-YOKO-SUBERI/WT-SL-KOSHO-YOKO | D8: SP-SL-TATE-OP-* | E8: 切断寸法 | F8: 規格/特注 | G8: 縦材=H-130、横材=W-71 | H8: TRUE | I8: カタログ確認済み | J8: SM3100 固定式網戸 | K8: 切断寸法算出へ利用 | L8: 10 | M8: v0.5詳細OP 5仕様へ適用。TF/TFTは開き部Wで算出。
A9: SCR-SL-006 | B9: 上げ下げ式網戸 | C9: WT-SL-AGE-SAGE-FS | D9: * | E9: 呼称W/H | F9: W=026/036/060/069/074、H=07/09/11/13 | G9: 設定可 | H9: TRUE | I9: 価格表確認済み | J9: 202604完成品価格表 P277 | K9: ホワイトリスト一致のみ表示 | L9: 10
A10: SCR-SL-007 | B10: 上げ下げ式網戸 | C10: WT-SL-AGE-SAGE-FS | D10: * | E10: 呼称W/H | F10: H=15はW=036/060/069/074 | G10: 設定可 | H10: TRUE | I10: 価格表確認済み | J10: 202604完成品価格表 P277 | K10: ホワイトリスト一致のみ表示 | L10: 11 | M10: W026×H15は候補外
A11: SCR-SL-008 | B11: 上げ下げ式網戸 | C11: WT-SL-MENKOSHI-AGE-FS | D11: * | E11: 呼称W/H | F11: W=026/036/060/069/074、H=07/09/11/13 | G11: 設定可 | H11: TRUE | I11: 価格表確認済み | J11: 202604完成品価格表 P277 | K11: ホワイトリスト一致のみ表示 | L11: 10
A12: SCR-SL-009 | B12: 上げ下げ式網戸 | C12: WT-SL-MENKOSHI-AGE-FS | D12: * | E12: 呼称W/H | F12: H=15はW=036/060/069/074 | G12: 設定可 | H12: TRUE | I12: 価格表確認済み | J12: 202604完成品価格表 P277 | K12: ホワイトリスト一致のみ表示 | L12: 11
A13: SCR-SL-010 | B13: しまえるんですJ | C13: WT-SL-TERRACE-DOOR | D13: * | E13: 呼称W/H | F13: 在来/単純段差 W=060/069/074、H=18/20/22/24 | G13: 設定可 | H13: TRUE | I13: 価格表確認済み | J13: 202604完成品価格表 P287 | K13: ホワイトリスト一致のみ表示 | L13: 10
A14: SCR-SL-011 | B14: しまえるんですJ | C14: WT-SL-TERRACE-DOOR | D14: * | E14: 呼称W/H | F14: 204 W=060/069、H=18A/20A/22A/24A | G14: 設定可 | H14: TRUE | I14: 価格表確認済み | J14: 202604完成品価格表 P287 | K14: ホワイトリスト一致のみ表示 | L14: 11 | M14: W074の204は候補外
A15: SCR-SL-012 | B15: しまえるんですJ | C15: WT-SL-KATTEGUCHI | D15: * | E15: 呼称W/H | F15: 在来/単純段差 W=060/069/074、H=18/20/22 | G15: 設定可 | H15: TRUE | I15: 価格表確認済み | J15: 202604完成品価格表 P287 | K15: ホワイトリスト一致のみ表示 | L15: 10
A16: SCR-SL-013 | B16: しまえるんですJ | C16: WT-SL-KATTEGUCHI | D16: * | E16: 呼称W/H | F16: 204 W=060/069、H=18A/20A/22A | G16: 設定可 | H16: TRUE | I16: 価格表確認済み | J16: 202604完成品価格表 P287 | K16: ホワイトリスト一致のみ表示 | L16: 11
A17: SCR-SL-014 | B17: 網付格子 | C17: WT-SL-KATTEGUCHI-VENT-FS | D17: * | E17: 呼称W/H | F17: W=060/069/074、H=18/20/22（204はA呼称） | G17: 設定可 | H17: TRUE | I17: 価格表確認済み | J17: 202604完成品価格表 P288 | K17: ホワイトリスト一致のみ表示 | L17: 10 | M17: 格子種類は縦/横/デザイン横/ヒシ/井桁/横なし等、価格表連動
A18: SCR-SL-015 | B18: 上げ下げロール網戸 | C18: WT-SL-TATE-SUBERI | D18: SP-SL-TATE-CAM | E18: 呼称H | F18: H=18/20/22の掲載規格 | G18: 設定可 | H18: TRUE | I18: 価格表確認済み | J18: 202604完成品価格表 P276 | K18: 該当規格のみ表示 | L18: 10 | M18: W別の全境界は次工程で06サイズへ展開
A19: SCR-SL-016 | B19: 固定式網戸（内倒し窓用） | C19: WT-SL-UCHIDAOSHI | D19: * | E19: 室内脱着 | F19: 呼称=03603/06007/06907/07407 | G19: 室内側から脱着不可 | H19: TRUE | I19: カタログ確認済み | J19: 商品カタログ P219 | K19: 注意表示 | L19: 20
A20: SCR-SL-017 | B20: 固定式網戸（内倒し窓用） | C20: WT-SL-UCHIDAOSHI | D20: * | E20: 縦骨 | F20: 呼称W=119/165 | G20: 縦骨付 | H20: TRUE | I20: カタログ確認済み | J20: 商品カタログ P219 | K20: 仕様表示 | L20: 30
A21: SCR-SL-018 | B21: 固定式網戸（フレーム付） | C21: WT-SL-KOSHO-YOKO | D21: * | E21: 取外し意匠 | F21: 実寸W>780mm | G21: 框の使い方・脱着方法・意匠が異なる | H21: TRUE | I21: カタログ確認済み | J21: 商品カタログ P188 | K21: 注意表示 | L21: 40 | M21: 製作不可ではない
A22: SCR-SL-019 | B22: * | C22: * | D22: * | E22: ネット互換 | F22: ロールタイプ×ペットネット | G22: 設定なし | H22: TRUE | I22: カタログ確認済み | J22: 商品カタログ P280 | K22: 非表示 | L22: 1 | M22: 09Dと同一ルール

Sheet 14_本格化QA
A1: サーモスL v0.7-R2 本格化QA｜Glass Manufacturability Formal Closure
A2: CLOSURE-R5：SN1400 Section20直接委譲、SAFE 30mil STANDARD 1,644件（直接523＝517 ALLOWED / 6 BLOCKED、残1,121 ECR）、DISASTER/SAFE_MILKY/GRID/FROST/Low-E/CUSTOM残差を正式ECR化。
A4: KPI | B4: 値 | C4: 判定/備考 | E4: 残外部確認 | F4: 状態 | G4: APP動作 | H4: 理由
A5: 06_サイズ総行 | B5: =COUNTA('06_サイズ'!A4:A1647) | C5: 1,644 | E5: 機能ガラス最終組合せ | F5: PASS_SECTION20_DIRECT_DELEGATION | G5: 既知BLOCK→直接結果→既知数値→ECR | H5: 未確定残差のみLIXIL見積システム確認。ECR自動成立禁止。
A6: 有効規格候補 | B6: =COUNTA('06_サイズ'!A4:A1647)-COUNTIF('06_サイズ'!N4:N1647,"設定なし（価格表確認済み）")-COUNTIF('06_サイズ'!N4:N1647,"v0.5履歴：詳細構成へ置換") | C6: 1,495 | E6: 単体/シャッター/雨戸/装飾引違いの複雑特注グラフ | F6: REVIEW_REQUIRED | G6: 原本照合 | H6: 複数工法・H/W比・性能ゾーンを含む
A7: 特注ルール | B7: =COUNTA('06C_特注寸法範囲'!A4:A100) | C7: 50 | E7: FIX外/内の曲線特注境界 | F7: REVIEW_REQUIRED | G7: 原本照合 | H7: カタログに数式がなく曲線境界
A8: 特注AUTOルール | B8: =B7-B9 | C8: 明確な数値境界のみ | E8: 価格改定・次版カタログ | F8: VERSION_REVIEW | G8: 差分QA | H8: 現行正本は2026年4月価格表
A9: 特注安全ゲート | B9: =COUNTIF('06C_特注寸法範囲'!G4:G100,"SOURCE_GRAPH_GATE")+COUNTIF('06C_特注寸法範囲'!G4:G100,"COMPOUND_GATE") | C9: 曲線/複合を推測しない
A10: 公式品種記号 | B10: =COUNTA('03A_品種記号'!A4:A50) | C10: 30
A11: 公式色記号 | B11: =COUNTA('03B_色記号'!A4:A20) | C11: 6 | E11: 最終再読込QA | F11: PASS | G11: 完成XLSX再読込・主要表再検証済み | H11: 2026-09-10
A12: コード生成テスト PASS | B12: 46 | C12: 46/46 PASS | E12: Golden Test | F12: 46/46 PASS | G12: 境界値・安全ゲートを全件確認 | H12: 17_GoldenTest
A13: APP制御ルール | B13: =COUNTA('16_APP_候補制御'!A4:A30) | C13: 17 | E13: 品番生成テスト | F13: 5/5 PASS | G13: @／STP／#／特注確認ゲート | H13: 15_発注コード生成
A14: Golden Test PASS | B14: 46 | C14: 46/46 | E14: 数式エラー | F14: 0件 | G14: REF/DIV0/VALUE/NAME/NA 全ブック検索 | H14: PASS
A15: Golden Test FAIL | B15: =COUNTIF('17_GoldenTest'!F4:F40,"FAIL") | C15: 0 | E15: APP候補制御 | F15: 17/17 PASS | G15: 参照順・BLOCK/CONFIRM/REVIEWを維持 | H15: 16_APP_候補制御

Sheet 08A_サイズ別ガラス条件
A1: サイズ別ガラス記号・凡例連動｜サーモスL v0.6
A2: 全size_idを同一価格表セクション単位で凡例へ再連動。近接ページ推測を廃止。
A3: condition_id | B3: size_id | C3: 窓種ID | D3: 固有仕様ID | E3: 呼称 | F3: 有効 | G3: 誌面ページ | H3: ガラス記号 | I3: 凡例参照頁 | J3: 凡例キー | K3: 判定状態 | L3: 出典ファイル | M3: 備考 | N3: 一次資料URL
A4: GSC-SL-000001 | B4: SZ-SL-000001 | C4: WT-SL-HIKICHIGAI | E4: 06003 | F4: TRUE | G4: 6 | H4: 無印 | I4: 6 | J4: P6|無印 | K4: 同頁凡例へ直接連動 | L4: 202604_LIXIL_サーモスＬ_業務用資料集_完成品価格表.pdf | M4: v0.6：同一価格表セクション内で凡例継承を確定。 | N4: https://drive.google.com/file/d/1YUN-mtWYs48YBUHJk0C3vJXnhjyZFHyf/view
A5: GSC-SL-000002 | B5: SZ-SL-000002 | C5: WT-SL-HIKICHIGAI | E5: 06005 | F5: TRUE | G5: 6 | H5: 無印 | I5: 6 | J5: P6|無印 | K5: 同頁凡例へ直接連動 | L5: 202604_LIXIL_サーモスＬ_業務用資料集_完成品価格表.pdf | M5: v0.6：同一価格表セクション内で凡例継承を確定。 | N5: https://drive.google.com/file/d/1YUN-mtWYs48YBUHJk0C3vJXnhjyZFHyf/view
A6: GSC-SL-000003 | B6: SZ-SL-000003 | C6: WT-SL-HIKICHIGAI | E6: 06007 | F6: TRUE | G6: 6 | H6: 無印 | I6: 6 | J6: P6|無印 | K6: 同頁凡例へ直接連動 | L6: 202604_LIXIL_サーモスＬ_業務用資料集_完成品価格表.pdf | M6: v0.6：同一価格表セクション内で凡例継承を確定。 | N6: https://drive.google.com/file/d/1YUN-mtWYs48YBUHJk0C3vJXnhjyZFHyf/view
A7: GSC-SL-000004 | B7: SZ-SL-000004 | C7: WT-SL-HIKICHIGAI | E7: 06009 | F7: TRUE | G7: 6 | H7: 無印 | I7: 6 | J7: P6|無印 | K7: 同頁凡例へ直接連動 | L7: 202604_LIXIL_サーモスＬ_業務用資料集_完成品価格表.pdf | M7: v0.6：同一価格表セクション内で凡例継承を確定。 | N7: https://drive.google.com/file/d/1YUN-mtWYs48YBUHJk0C3vJXnhjyZFHyf/view
A8: GSC-SL-000005 | B8: SZ-SL-000005 | C8: WT-SL-HIKICHIGAI | E8: 06903 | F8: TRUE | G8: 6 | H8: 無印 | I8: 6 | J8: P6|無印 | K8: 同頁凡例へ直接連動 | L8: 202604_LIXIL_サーモスＬ_業務用資料集_完成品価格表.pdf | M8: v0.6：同一価格表セクション内で凡例継承を確定。 | N8: https://drive.google.com/file/d/1YUN-mtWYs48YBUHJk0C3vJXnhjyZFHyf/view
A9: GSC-SL-000006 | B9: SZ-SL-000006 | C9: WT-SL-HIKICHIGAI | E9: 06905 | F9: TRUE | G9: 6 | H9: 無印 | I9: 6 | J9: P6|無印 | K9: 同頁凡例へ直接連動 | L9: 202604_LIXIL_サーモスＬ_業務用資料集_完成品価格表.pdf | M9: v0.6：同一価格表セクション内で凡例継承を確定。 | N9: https://drive.google.com/file/d/1YUN-mtWYs48YBUHJk0C3vJXnhjyZFHyf/view
A10: GSC-SL-000007 | B10: SZ-SL-000007 | C10: WT-SL-HIKICHIGAI | E10: 06907 | F10: TRUE | G10: 6 | H10: 無印 | I10: 6 | J10: P6|無印 | K10: 同頁凡例へ直接連動 | L10: 202604_LIXIL_サーモスＬ_業務用資料集_完成品価格表.pdf | M10: v0.6：同一価格表セクション内で凡例継承を確定。 | N10: https://drive.google.com/file/d/1YUN-mtWYs48YBUHJk0C3vJXnhjyZFHyf/view
A11: GSC-SL-000008 | B11: SZ-SL-000008 | C11: WT-SL-HIKICHIGAI | E11: 06909 | F11: TRUE | G11: 6 | H11: 無印 | I11: 6 | J11: P6|無印 | K11: 同頁凡例へ直接連動 | L11: 202604_LIXIL_サーモスＬ_業務用資料集_完成品価格表.pdf | M11: v0.6：同一価格表セクション内で凡例継承を確定。 | N11: https://drive.google.com/file/d/1YUN-mtWYs48YBUHJk0C3vJXnhjyZFHyf/view
A12: GSC-SL-000009 | B12: SZ-SL-000009 | C12: WT-SL-HIKICHIGAI | E12: 07403 | F12: TRUE | G12: 6 | H12: 無印 | I12: 6 | J12: P6|無印 | K12: 同頁凡例へ直接連動 | L12: 202604_LIXIL_サーモスＬ_業務用資料集_完成品価格表.pdf | M12: v0.6：同一価格表セクション内で凡例継承を確定。 | N12: https://drive.google.com/file/d/1YUN-mtWYs48YBUHJk0C3vJXnhjyZFHyf/view
A13: GSC-SL-000010 | B13: SZ-SL-000010 | C13: WT-SL-HIKICHIGAI | E13: 07405 | F13: TRUE | G13: 6 | H13: 無印 | I13: 6 | J13: P6|無印 | K13: 同頁凡例へ直接連動 | L13: 202604_LIXIL_サーモスＬ_業務用資料集_完成品価格表.pdf | M13: v0.6：同一価格表セクション内で凡例継承を確定。 | N13: https://drive.google.com/file/d/1YUN-mtWYs48YBUHJk0C3vJXnhjyZFHyf/view
A14: GSC-SL-000011 | B14: SZ-SL-000011 | C14: WT-SL-HIKICHIGAI | E14: 07407 | F14: TRUE | G14: 6 | H14: 無印 | I14: 6 | J14: P6|無印 | K14: 同頁凡例へ直接連動 | L14: 202604_LIXIL_サーモスＬ_業務用資料集_完成品価格表.pdf | M14: v0.6：同一価格表セクション内で凡例継承を確定。 | N14: https://drive.google.com/file/d/1YUN-mtWYs48YBUHJk0C3vJXnhjyZFHyf/view
A15: GSC-SL-000012 | B15: SZ-SL-000012 | C15: WT-SL-HIKICHIGAI | E15: 07409 | F15: TRUE | G15: 6 | H15: 無印 | I15: 6 | J15: P6|無印 | K15: 同頁凡例へ直接連動 | L15: 202604_LIXIL_サーモスＬ_業務用資料集_完成品価格表.pdf | M15: v0.6：同一価格表セクション内で凡例継承を確定。 | N15: https://drive.google.com/file/d/1YUN-mtWYs48YBUHJk0C3vJXnhjyZFHyf/view
... A172: GSC-SL-000169 | B172: SZ-SL-000169 | C172: WT-SL-HIKICHIGAI | E172: 24324-2 | F172: TRUE | G172: 24 | H172: ● | I172: 24 | J172: P24|● | K172: 同頁凡例へ直接連動 | L172: 202604_LIXIL_サーモスＬ_業務用資料集_完成品価格表.pdf | M172: v0.6：同一価格表セクション内で凡例継承を確定。 | N172: https://drive.google.com/file/d/1YUN-mtWYs48YBUHJk0C3vJXnhjyZFHyf/view
A173: GSC-SL-000170 | B173: SZ-SL-000170 | C173: WT-SL-SHUTTER-HIKI | D173: SP-SL-SHUT-E-STD | E173: 11409 | F173: TRUE | G173: 30 | H173: 無印 | I173: 30 | J173: P30|無印 | K173: 同頁凡例へ直接連動 | L173: 202604_LIXIL_サーモスＬ_業務用資料集_完成品価格表.pdf | M173: v0.6：同一価格表セクション内で凡例継承を確定。 | N173: https://drive.google.com/file/d/1YUN-mtWYs48YBUHJk0C3vJXnhjyZFHyf/view
A174: GSC-SL-000171 | B174: SZ-SL-000171 | C174: WT-SL-SHUTTER-HIKI | D174: SP-SL-SHUT-E-STD | E174: 11411 | F174: TRUE | G174: 30 | H174: 無印 | I174: 30 | J174: P30|無印 | K174: 同頁凡例へ直接連動 | L174: 202604_LIXIL_サーモスＬ_業務用資料集_完成品価格表.pdf | M174: v0.6：同一価格表セクション内で凡例継承を確定。 | N174: https://drive.google.com/file/d/1YUN-mtWYs48YBUHJk0C3vJXnhjyZFHyf/view
A175: GSC-SL-000172 | B175: SZ-SL-000172 | C175: WT-SL-SHUTTER-HIKI | D175: SP-SL-SHUT-E-STD | E175: 11909 | F175: TRUE | G175: 30 | H175: 無印 | I175: 30 | J175: P30|無印 | K175: 同頁凡例へ直接連動 | L175: 202604_LIXIL_サーモスＬ_業務用資料集_完成品価格表.pdf | M175: v0.6：同一価格表セクション内で凡例継承を確定。 | N175: https://drive.google.com/file/d/1YUN-mtWYs48YBUHJk0C3vJXnhjyZFHyf/view
A176: GSC-SL-000173 | B176: SZ-SL-000173 | C176: WT-SL-SHUTTER-HIKI | D176: SP-SL-SHUT-E-STD | E176: 11911 | F176: TRUE | G176: 30 | H176: 無印 | I176: 30 | J176: P30|無印 | K176: 同頁凡例へ直接連動 | L176: 202604_LIXIL_サーモスＬ_業務用資料集_完成品価格表.pdf | M176: v0.6：同一価格表セクション内で凡例継承を確定。 | N176: https://drive.google.com/file/d/1YUN-mtWYs48YBUHJk0C3vJXnhjyZFHyf/view
A177: GSC-SL-000174 | B177: SZ-SL-000174 | C177: WT-SL-SHUTTER-HIKI | D177: SP-SL-SHUT-E-STD | E177: 12809 | F177: TRUE | G177: 30 | H177: 無印 | I177: 30 | J177: P30|無印 | K177: 同頁凡例へ直接連動 | L177: 202604_LIXIL_サーモスＬ_業務用資料集_完成品価格表.pdf | M177: v0.6：同一価格表セクション内で凡例継承を確定。 | N177: https://drive.google.com/file/d/1YUN-mtWYs48YBUHJk0C3vJXnhjyZFHyf/view
A178: GSC-SL-000175 | B178: SZ-SL-000175 | C178: WT-SL-SHUTTER-HIKI | D178: SP-SL-SHUT-E-STD | E178: 12811 | F178: TRUE | G178: 30 | H178: 無印 | I178: 30 | J178: P30|無印 | K178: 同頁凡例へ直接連動 | L178: 202604_LIXIL_サーモスＬ_業務用資料集_完成品価格表.pdf | M178: v0.6：同一価格表セクション内で凡例継承を確定。 | N178: https://drive.google.com/file/d/1YUN-mtWYs48YBUHJk0C3vJXnhjyZFHyf/view
A179: GSC-SL-000176 | B179: SZ-SL-000176 | C179: WT-SL-SHUTTER-HIKI | D179: SP-SL-SHUT-E-STD | E179: 13309 | F179: TRUE | G179: 30 | H179: 無印 | I179: 30 | J179: P30|無印 | K179: 同頁凡例へ直接連動 | L179: 202604_LIXIL_サーモスＬ_業務用資料集_完成品価格表.pdf | M179: v0.6：同一価格表セクション内で凡例継承を確定。 | N179: https://drive.google.com/file/d/1YUN-mtWYs48YBUHJk0C3vJXnhjyZFHyf/view
A180: GSC-SL-000177 | B180: SZ-SL-000177 | C180: WT-SL-SHUTTER-HIKI | D180: SP-SL-SHUT-E-STD | E180: 13311 | F180: TRUE | G180: 30 | H180: 無印 | I180: 30 | J180: P30|無印 | K180: 同頁凡例へ直接連動 | L180: 202604_LIXIL_サーモスＬ_業務用資料集_完成品価格表.pdf | M180: v0.6：同一価格表セクション内で凡例継承を確定。 | N180: https://drive.google.com/file/d/1YUN-mtWYs48YBUHJk0C3vJXnhjyZFHyf/view
A181: GSC-SL-000178 | B181: SZ-SL-000178 | C181: WT-SL-SHUTTER-HIKI | D181: SP-SL-SHUT-E-VENT | E181: 11409 | F181: TRUE | G181: 30 | H181: 無印 | I181: 30 | J181: P30|無印 | K181: 同頁凡例へ直接連動 | L181: 202604_LIXIL_サーモスＬ_業務用資料集_完成品価格表.pdf | M181: v0.6：同一価格表セクション内で凡例継承を確定。 | N181: https://drive.google.com/file/d/1YUN-mtWYs48YBUHJk0C3vJXnhjyZFHyf/view
A182: GSC-SL-000179 | B182: SZ-SL-000179 | C182: WT-SL-SHUTTER-HIKI | D182: SP-SL-SHUT-E-VENT | E182: 11411 | F182: TRUE | G182: 30 | H182: 無印 | I182: 30 | J182: P30|無印 | K182: 同頁凡例へ直接連動 | L182: 202604_LIXIL_サーモスＬ_業務用資料集_完成品価格表.pdf | M182: v0.6：同一価格表セクション内で凡例継承を確定。 | N182: https://drive.google.com/file/d/1YUN-mtWYs48YBUHJk0C3vJXnhjyZFHyf/view
A183: GSC-SL-000180 | B183: SZ-SL-000180 | C183: WT-SL-SHUTTER-HIKI | D183: SP-SL-SHUT-E-VENT | E183: 11909 | F183: TRUE | G183: 30 | H183: 無印 | I183: 30 | J183: P30|無印 | K183: 同頁凡例へ直接連動 | L183: 202604_LIXIL_サーモスＬ_業務用資料集_完成品価格表.pdf | M183: v0.6：同一価格表セクション内で凡例継承を確定。 | N183: https://drive.google.com/file/d/1YUN-mtWYs48YBUHJk0C3vJXnhjyZFHyf/view
A184: GSC-SL-000181 | B184: SZ-SL-000181 | C184: WT-SL-SHUTTER-HIKI | D184: SP-SL-SHUT-E-VENT | E184: 11911 | F184: TRUE | G184: 30 | H184: 無印 | I184: 30 | J184: P30|無印 | K184: 同頁凡例へ直接連動 | L184: 202604_LIXIL_サーモスＬ_業務用資料集_完成品価格表.pdf | M184: v0.6：同一価格表セクション内で凡例継承を確定。 | N184: https://drive.google.com/file/d/1YUN-mtWYs48YBUHJk0C3vJXnhjyZFHyf/view
... A948: GSC-SL-000945 | B948: SZ-SL-000945 | C948: WT-SL-KOSHO-YOKO | D948: * | E948: 07409 | F948: TRUE | G948: 140 | H948: 無印 | I948: 140 | J948: P140|無印 | K948: 同頁凡例へ直接連動 | L948: 202604_LIXIL_サーモスＬ_業務用資料集_完成品価格表.pdf | M948: v0.6：同一価格表セクション内で凡例継承を確定。 | N948: https://drive.google.com/file/d/1YUN-mtWYs48YBUHJk0C3vJXnhjyZFHyf/view
A949: GSC-SL-000946 | B949: SZ-SL-000946 | C949: WT-SL-AGE-SAGE-FS | E949: 02607 | F949: TRUE | G949: 142 | H949: 無印 | I949: 143 | J949: P143|無印 | K949: 同一価格表・次頁凡例を継承 | L949: 202604_LIXIL_サーモスＬ_業務用資料集_完成品価格表.pdf | M949: v0.6：同一価格表セクション内で凡例継承を確定。 | N949: https://drive.google.com/file/d/1YUN-mtWYs48YBUHJk0C3vJXnhjyZFHyf/view
A950: GSC-SL-000947 | B950: SZ-SL-000947 | C950: WT-SL-AGE-SAGE-FS | E950: 02609 | F950: TRUE | G950: 142 | H950: 無印 | I950: 143 | J950: P143|無印 | K950: 同一価格表・次頁凡例を継承 | L950: 202604_LIXIL_サーモスＬ_業務用資料集_完成品価格表.pdf | M950: v0.6：同一価格表セクション内で凡例継承を確定。 | N950: https://drive.google.com/file/d/1YUN-mtWYs48YBUHJk0C3vJXnhjyZFHyf/view
A951: GSC-SL-000948 | B951: SZ-SL-000948 | C951: WT-SL-AGE-SAGE-FS | E951: 02611 | F951: TRUE | G951: 142 | H951: 無印 | I951: 143 | J951: P143|無印 | K951: 同一価格表・次頁凡例を継承 | L951: 202604_LIXIL_サーモスＬ_業務用資料集_完成品価格表.pdf | M951: v0.6：同一価格表セクション内で凡例継承を確定。 | N951: https://drive.google.com/file/d/1YUN-mtWYs48YBUHJk0C3vJXnhjyZFHyf/view
A952: GSC-SL-000949 | B952: SZ-SL-000949 | C952: WT-SL-AGE-SAGE-FS | E952: 02613 | F952: TRUE | G952: 142 | H952: 無印 | I952: 143 | J952: P143|無印 | K952: 同一価格表・次頁凡例を継承 | L952: 202604_LIXIL_サーモスＬ_業務用資料集_完成品価格表.pdf | M952: v0.6：同一価格表セクション内で凡例継承を確定。 | N952: https://drive.google.com/file/d/1YUN-mtWYs48YBUHJk0C3vJXnhjyZFHyf/view
A953: GSC-SL-000950 | B953: SZ-SL-000950 | C953: WT-SL-AGE-SAGE-FS | E953: 03607 | F953: TRUE | G953: 142 | H953: 無印 | I953: 143 | J953: P143|無印 | K953: 同一価格表・次頁凡例を継承 | L953: 202604_LIXIL_サーモスＬ_業務用資料集_完成品価格表.pdf | M953: v0.6：同一価格表セクション内で凡例継承を確定。 | N953: https://drive.google.com/file/d/1YUN-mtWYs48YBUHJk0C3vJXnhjyZFHyf/view
A954: GSC-SL-000951 | B954: SZ-SL-000951 | C954: WT-SL-AGE-SAGE-FS | E954: 03609 | F954: TRUE | G954: 142 | H954: 無印 | I954: 143 | J954: P143|無印 | K954: 同一価格表・次頁凡例を継承 | L954: 202604_LIXIL_サーモスＬ_業務用資料集_完成品価格表.pdf | M954: v0.6：同一価格表セクション内で凡例継承を確定。 | N954: https://drive.google.com/file/d/1YUN-mtWYs48YBUHJk0C3vJXnhjyZFHyf/view
A955: GSC-SL-000952 | B955: SZ-SL-000952 | C955: WT-SL-AGE-SAGE-FS | E955: 03611 | F955: TRUE | G955: 142 | H955: 無印 | I955: 143 | J955: P143|無印 | K955: 同一価格表・次頁凡例を継承 | L955: 202604_LIXIL_サーモスＬ_業務用資料集_完成品価格表.pdf | M955: v0.6：同一価格表セクション内で凡例継承を確定。 | N955: https://drive.google.com/file/d/1YUN-mtWYs48YBUHJk0C3vJXnhjyZFHyf/view
A956: GSC-SL-000953 | B956: SZ-SL-000953 | C956: WT-SL-AGE-SAGE-FS | E956: 03613 | F956: TRUE | G956: 142 | H956: 無印 | I956: 143 | J956: P143|無印 | K956: 同一価格表・次頁凡例を継承 | L956: 202604_LIXIL_サーモスＬ_業務用資料集_完成品価格表.pdf | M956: v0.6：同一価格表セクション内で凡例継承を確定。 | N956: https://drive.google.com/file/d/1YUN-mtWYs48YBUHJk0C3vJXnhjyZFHyf/view
A957: GSC-SL-000954 | B957: SZ-SL-000954 | C957: WT-SL-AGE-SAGE-FS | E957: 03615 | F957: TRUE | G957: 142 | H957: 無印 | I957: 143 | J957: P143|無印 | K957: 同一価格表・次頁凡例を継承 | L957: 202604_LIXIL_サーモスＬ_業務用資料集_完成品価格表.pdf | M957: v0.6：同一価格表セクション内で凡例継承を確定。 | N957: https://drive.google.com/file/d/1YUN-mtWYs48YBUHJk0C3vJXnhjyZFHyf/view
A958: GSC-SL-000955 | B958: SZ-SL-000955 | C958: WT-SL-AGE-SAGE-FS | E958: 06007 | F958: TRUE | G958: 142 | H958: 無印 | I958: 143 | J958: P143|無印 | K958: 同一価格表・次頁凡例を継承 | L958: 202604_LIXIL_サーモスＬ_業務用資料集_完成品価格表.pdf | M958: v0.6：同一価格表セクション内で凡例継承を確定。 | N958: https://drive.google.com/file/d/1YUN-mtWYs48YBUHJk0C3vJXnhjyZFHyf/view
A959: GSC-SL-000956 | B959: SZ-SL-000956 | C959: WT-SL-AGE-SAGE-FS | E959: 06009 | F959: TRUE | G959: 142 | H959: 無印 | I959: 143 | J959: P143|無印 | K959: 同一価格表・次頁凡例を継承 | L959: 202604_LIXIL_サーモスＬ_業務用資料集_完成品価格表.pdf | M959: v0.6：同一価格表セクション内で凡例継承を確定。 | N959: https://drive.google.com/file/d/1YUN-mtWYs48YBUHJk0C3vJXnhjyZFHyf/view
A960: GSC-SL-000957 | B960: SZ-SL-000957 | C960: WT-SL-AGE-SAGE-FS | E960: 06011 | F960: TRUE | G960: 142 | H960: 無印 | I960: 143 | J960: P143|無印 | K960: 同一価格表・次頁凡例を継承 | L960: 202604_LIXIL_サーモスＬ_業務用資料集_完成品価格表.pdf | M960: v0.6：同一価格表セクション内で凡例継承を確定。 | N960: https://drive.google.com/file/d/1YUN-mtWYs48YBUHJk0C3vJXnhjyZFHyf/view
... A967: GSC-SL-000964 | B967: SZ-SL-000964 | C967: WT-SL-AGE-SAGE-FS | E967: 06915 | F967: TRUE | G967: 142 | H967: 無印 | I967: 143 | J967: P143|無印 | K967: 同一価格表・次頁凡例を継承 | L967: 202604_LIXIL_サーモスＬ_業務用資料集_完成品価格表.pdf | M967: v0.6：同一価格表セクション内で凡例継承を確定。 | N967: https://drive.google.com/file/d/1YUN-mtWYs48YBUHJk0C3vJXnhjyZFHyf/view
A968: GSC-SL-000965 | B968: SZ-SL-000965 | C968: WT-SL-MENKOSHI-AGE-FS | D968: SP-SL-AGE-GRILLE-DIA | E968: 02607 | F968: TRUE | G968: 144 | H968: 無印 | I968: 144 | J968: P144|無印 | K968: 同頁凡例へ直接連動 | L968: 202604_LIXIL_サーモスＬ_業務用資料集_完成品価格表.pdf | M968: v0.6：同一価格表セクション内で凡例継承を確定。 | N968: https://drive.google.com/file/d/1YUN-mtWYs48YBUHJk0C3vJXnhjyZFHyf/view
A969: GSC-SL-000966 | B969: SZ-SL-000966 | C969: WT-SL-MENKOSHI-AGE-FS | D969: SP-SL-AGE-GRILLE-DIA | E969: 03607 | F969: TRUE | G969: 144 | H969: 無印 | I969: 144 | J969: P144|無印 | K969: 同頁凡例へ直接連動 | L969: 202604_LIXIL_サーモスＬ_業務用資料集_完成品価格表.pdf | M969: v0.6：同一価格表セクション内で凡例継承を確定。 | N969: https://drive.google.com/file/d/1YUN-mtWYs48YBUHJk0C3vJXnhjyZFHyf/view
A970: GSC-SL-000967 | B970: SZ-SL-000967 | C970: WT-SL-MENKOSHI-AGE-FS | D970: SP-SL-AGE-GRILLE-DIA | E970: 06007 | F970: TRUE | G970: 144 | H970: 無印 | I970: 144 | J970: P144|無印 | K970: 同頁凡例へ直接連動 | L970: 202604_LIXIL_サーモスＬ_業務用資料集_完成品価格表.pdf | M970: v0.6：同一価格表セクション内で凡例継承を確定。 | N970: https://drive.google.com/file/d/1YUN-mtWYs48YBUHJk0C3vJXnhjyZFHyf/view
A971: GSC-SL-000968 | B971: SZ-SL-000968 | C971: WT-SL-MENKOSHI-AGE-FS | D971: SP-SL-AGE-GRILLE-DIA | E971: 06907 | F971: TRUE | G971: 144 | H971: 無印 | I971: 144 | J971: P144|無印 | K971: 同頁凡例へ直接連動 | L971: 202604_LIXIL_サーモスＬ_業務用資料集_完成品価格表.pdf | M971: v0.6：同一価格表セクション内で凡例継承を確定。 | N971: https://drive.google.com/file/d/1YUN-mtWYs48YBUHJk0C3vJXnhjyZFHyf/view
A972: GSC-SL-000969 | B972: SZ-SL-000969 | C972: WT-SL-MENKOSHI-AGE-FS | D972: SP-SL-AGE-GRILLE-DIA | E972: 07407 | F972: TRUE | G972: 144 | H972: 無印 | I972: 144 | J972: P144|無印 | K972: 同頁凡例へ直接連動 | L972: 202604_LIXIL_サーモスＬ_業務用資料集_完成品価格表.pdf | M972: v0.6：同一価格表セクション内で凡例継承を確定。 | N972: https://drive.google.com/file/d/1YUN-mtWYs48YBUHJk0C3vJXnhjyZFHyf/view
A973: GSC-SL-000970 | B973: SZ-SL-000970 | C973: WT-SL-MENKOSHI-AGE-FS | D973: SP-SL-AGE-GRILLE-H | E973: 02607 | F973: TRUE | G973: 144 | H973: 無印 | I973: 144 | J973: P144|無印 | K973: 同頁凡例へ直接連動 | L973: 202604_LIXIL_サーモスＬ_業務用資料集_完成品価格表.pdf | M973: v0.6：同一価格表セクション内で凡例継承を確定。 | N973: https://drive.google.com/file/d/1YUN-mtWYs48YBUHJk0C3vJXnhjyZFHyf/view
A974: GSC-SL-000971 | B974: SZ-SL-000971 | C974: WT-SL-MENKOSHI-AGE-FS | D974: SP-SL-AGE-GRILLE-H | E974: 03607 | F974: TRUE | G974: 144 | H974: 無印 | I974: 144 | J974: P144|無印 | K974: 同頁凡例へ直接連動 | L974: 202604_LIXIL_サーモスＬ_業務用資料集_完成品価格表.pdf | M974: v0.6：同一価格表セクション内で凡例継承を確定。 | N974: https://drive.google.com/file/d/1YUN-mtWYs48YBUHJk0C3vJXnhjyZFHyf/view
A975: GSC-SL-000972 | B975: SZ-SL-000972 | C975: WT-SL-MENKOSHI-AGE-FS | D975: SP-SL-AGE-GRILLE-H | E975: 06007 | F975: TRUE | G975: 144 | H975: 無印 | I975: 144 | J975: P144|無印 | K975: 同頁凡例へ直接連動 | L975: 202604_LIXIL_サーモスＬ_業務用資料集_完成品価格表.pdf | M975: v0.6：同一価格表セクション内で凡例継承を確定。 | N975: https://drive.google.com/file/d/1YUN-mtWYs48YBUHJk0C3vJXnhjyZFHyf/view
A976: GSC-SL-000973 | B976: SZ-SL-000973 | C976: WT-SL-MENKOSHI-AGE-FS | D976: SP-SL-AGE-GRILLE-H | E976: 06907 | F976: TRUE | G976: 144 | H976: 無印 | I976: 144 | J976: P144|無印 | K976: 同頁凡例へ直接連動 | L976: 202604_LIXIL_サーモスＬ_業務用資料集_完成品価格表.pdf | M976: v0.6：同一価格表セクション内で凡例継承を確定。 | N976: https://drive.google.com/file/d/1YUN-mtWYs48YBUHJk0C3vJXnhjyZFHyf/view
A977: GSC-SL-000974 | B977: SZ-SL-000974 | C977: WT-SL-MENKOSHI-AGE-FS | D977: SP-SL-AGE-GRILLE-H | E977: 07407 | F977: TRUE | G977: 144 | H977: 無印 | I977: 144 | J977: P144|無印 | K977: 同頁凡例へ直接連動 | L977: 202604_LIXIL_サーモスＬ_業務用資料集_完成品価格表.pdf | M977: v0.6：同一価格表セクション内で凡例継承を確定。 | N977: https://drive.google.com/file/d/1YUN-mtWYs48YBUHJk0C3vJXnhjyZFHyf/view
A978: GSC-SL-000975 | B978: SZ-SL-000975 | C978: WT-SL-MENKOSHI-AGE-FS | D978: SP-SL-AGE-GRILLE-IGETA | E978: 02607 | F978: TRUE | G978: 144 | H978: 無印 | I978: 144 | J978: P144|無印 | K978: 同頁凡例へ直接連動 | L978: 202604_LIXIL_サーモスＬ_業務用資料集_完成品価格表.pdf | M978: v0.6：同一価格表セクション内で凡例継承を確定。 | N978: https://drive.google.com/file/d/1YUN-mtWYs48YBUHJk0C3vJXnhjyZFHyf/view
A979: GSC-SL-000976 | B979: SZ-SL-000976 | C979: WT-SL-MENKOSHI-AGE-FS | D979: SP-SL-AGE-GRILLE-IGETA | E979: 03607 | F979: TRUE | G979: 144 | H979: 無印 | I979: 144 | J979: P144|無印 | K979: 同頁凡例へ直接連動 | L979: 202604_LIXIL_サーモスＬ_業務用資料集_完成品価格表.pdf | M979: v0.6：同一価格表セクション内で凡例継承を確定。 | N979: https://drive.google.com/file/d/1YUN-mtWYs48YBUHJk0C3vJXnhjyZFHyf/view
... A1047: GSC-SL-001044 | B1047: SZ-SL-001044 | C1047: WT-SL-MENKOSHI-AGE-FS | D1047: SP-SL-AGE-GRILLE-V | E1047: 07413 | F1047: TRUE | G1047: 147 | H1047: 無印 | I1047: 147 | J1047: P147|無印 | K1047: 同頁凡例へ直接連動 | L1047: 202604_LIXIL_サーモスＬ_業務用資料集_完成品価格表.pdf | M1047: v0.6：同一価格表セクション内で凡例継承を確定。 | N1047: https://drive.google.com/file/d/1YUN-mtWYs48YBUHJk0C3vJXnhjyZFHyf/view
A1048: GSC-SL-001045 | B1048: SZ-SL-001045 | C1048: WT-SL-FIX-OUT | E1048: 016013 | F1048: TRUE | G1048: 148 | H1048: 無印 | I1048: 149 | J1048: P149|無印 | K1048: 同一価格表・次頁凡例を継承 | L1048: 202604_LIXIL_サーモスＬ_業務用資料集_完成品価格表.pdf | M1048: v0.6：同一価格表セクション内で凡例継承を確定。 | N1048: https://drive.google.com/file/d/1YUN-mtWYs48YBUHJk0C3vJXnhjyZFHyf/view
A1049: GSC-SL-001046 | B1049: SZ-SL-001046 | C1049: WT-SL-FIX-OUT | E1049: 021018 | F1049: TRUE | G1049: 148 | H1049: 無印 | I1049: 149 | J1049: P149|無印 | K1049: 同一価格表・次頁凡例を継承 | L1049: 202604_LIXIL_サーモスＬ_業務用資料集_完成品価格表.pdf | M1049: v0.6：同一価格表セクション内で凡例継承を確定。 | N1049: https://drive.google.com/file/d/1YUN-mtWYs48YBUHJk0C3vJXnhjyZFHyf/view
A1050: GSC-SL-001047 | B1050: SZ-SL-001047 | C1050: WT-SL-FIX-OUT | E1050: 026023 | F1050: TRUE | G1050: 148 | H1050: 無印 | I1050: 149 | J1050: P149|無印 | K1050: 同一価格表・次頁凡例を継承 | L1050: 202604_LIXIL_サーモスＬ_業務用資料集_完成品価格表.pdf | M1050: v0.6：同一価格表セクション内で凡例継承を確定。 | N1050: https://drive.google.com/file/d/1YUN-mtWYs48YBUHJk0C3vJXnhjyZFHyf/view
A1051: GSC-SL-001048 | B1051: SZ-SL-001048 | C1051: WT-SL-FIX-OUT | E1051: 031028 | F1051: TRUE | G1051: 149 | H1051: 無印 | I1051: 149 | J1051: P149|無印 | K1051: 同頁凡例へ直接連動 | L1051: 202604_LIXIL_サーモスＬ_業務用資料集_完成品価格表.pdf | M1051: v0.6：同一価格表セクション内で凡例継承を確定。 | N1051: https://drive.google.com/file/d/1YUN-mtWYs48YBUHJk0C3vJXnhjyZFHyf/view
A1052: GSC-SL-001049 | B1052: SZ-SL-001049 | C1052: WT-SL-FIX-OUT | E1052: 03603 | F1052: TRUE | G1052: 149 | H1052: 無印 | I1052: 149 | J1052: P149|無印 | K1052: 同頁凡例へ直接連動 | L1052: 202604_LIXIL_サーモスＬ_業務用資料集_完成品価格表.pdf | M1052: v0.6：同一価格表セクション内で凡例継承を確定。 | N1052: https://drive.google.com/file/d/1YUN-mtWYs48YBUHJk0C3vJXnhjyZFHyf/view
A1053: GSC-SL-001050 | B1053: SZ-SL-001050 | C1053: WT-SL-FIX-OUT | E1053: 036033 | F1053: TRUE | G1053: 149 | H1053: 無印 | I1053: 149 | J1053: P149|無印 | K1053: 同頁凡例へ直接連動 | L1053: 202604_LIXIL_サーモスＬ_業務用資料集_完成品価格表.pdf | M1053: v0.6：同一価格表セクション内で凡例継承を確定。 | N1053: https://drive.google.com/file/d/1YUN-mtWYs48YBUHJk0C3vJXnhjyZFHyf/view
A1054: GSC-SL-001051 | B1054: SZ-SL-001051 | C1054: WT-SL-FIX-OUT | E1054: 06003 | F1054: TRUE | G1054: 149 | H1054: 無印 | I1054: 149 | J1054: P149|無印 | K1054: 同頁凡例へ直接連動 | L1054: 202604_LIXIL_サーモスＬ_業務用資料集_完成品価格表.pdf | M1054: v0.6：同一価格表セクション内で凡例継承を確定。 | N1054: https://drive.google.com/file/d/1YUN-mtWYs48YBUHJk0C3vJXnhjyZFHyf/view
A1055: GSC-SL-001052 | B1055: SZ-SL-001052 | C1055: WT-SL-FIX-OUT | E1055: 069018 | F1055: TRUE | G1055: 150 | H1055: 無印 | I1055: 151 | J1055: P151|無印 | K1055: 同一価格表・次頁凡例を継承 | L1055: 202604_LIXIL_サーモスＬ_業務用資料集_完成品価格表.pdf | M1055: v0.6：同一価格表セクション内で凡例継承を確定。 | N1055: https://drive.google.com/file/d/1YUN-mtWYs48YBUHJk0C3vJXnhjyZFHyf/view
A1056: GSC-SL-001053 | B1056: SZ-SL-001053 | C1056: WT-SL-FIX-OUT | E1056: 069023 | F1056: TRUE | G1056: 150 | H1056: 無印 | I1056: 151 | J1056: P151|無印 | K1056: 同一価格表・次頁凡例を継承 | L1056: 202604_LIXIL_サーモスＬ_業務用資料集_完成品価格表.pdf | M1056: v0.6：同一価格表セクション内で凡例継承を確定。 | N1056: https://drive.google.com/file/d/1YUN-mtWYs48YBUHJk0C3vJXnhjyZFHyf/view
A1057: GSC-SL-001054 | B1057: SZ-SL-001054 | C1057: WT-SL-FIX-OUT | E1057: 069028 | F1057: TRUE | G1057: 150 | H1057: 無印 | I1057: 151 | J1057: P151|無印 | K1057: 同一価格表・次頁凡例を継承 | L1057: 202604_LIXIL_サーモスＬ_業務用資料集_完成品価格表.pdf | M1057: v0.6：同一価格表セクション内で凡例継承を確定。 | N1057: https://drive.google.com/file/d/1YUN-mtWYs48YBUHJk0C3vJXnhjyZFHyf/view
A1058: GSC-SL-001055 | B1058: SZ-SL-001055 | C1058: WT-SL-FIX-OUT | E1058: 074018 | F1058: TRUE | G1058: 150 | H1058: 無印 | I1058: 151 | J1058: P151|無印 | K1058: 同一価格表・次頁凡例を継承 | L1058: 202604_LIXIL_サーモスＬ_業務用資料集_完成品価格表.pdf | M1058: v0.6：同一価格表セクション内で凡例継承を確定。 | N1058: https://drive.google.com/file/d/1YUN-mtWYs48YBUHJk0C3vJXnhjyZFHyf/view
A1059: GSC-SL-001056 | B1059: SZ-SL-001056 | C1059: WT-SL-FIX-OUT | E1059: 074023 | F1059: TRUE | G1059: 150 | H1059: 無印 | I1059: 151 | J1059: P151|無印 | K1059: 同一価格表・次頁凡例を継承 | L1059: 202604_LIXIL_サーモスＬ_業務用資料集_完成品価格表.pdf | M1059: v0.6：同一価格表セクション内で凡例継承を確定。 | N1059: https://drive.google.com/file/d/1YUN-mtWYs48YBUHJk0C3vJXnhjyZFHyf/view
... A1306: GSC-SL-001303 | B1306: SZ-SL-001303 | C1306: WT-SL-UCHIDAOSHI | E1306: 16503 | F1306: TRUE | G1306: 189 | H1306: 無印 | I1306: 188 | J1306: P188|無印 | K1306: 同一価格表・前頁凡例を継承 | L1306: 202604_LIXIL_サーモスＬ_業務用資料集_完成品価格表.pdf | M1306: v0.6：同一価格表セクション内で凡例継承を確定。 | N1306: https://drive.google.com/file/d/1YUN-mtWYs48YBUHJk0C3vJXnhjyZFHyf/view
A1307: GSC-SL-001304 | B1307: SZ-SL-001304 | C1307: WT-SL-SOTODAOSHI | D1307: * | E1307: 06005 | F1307: TRUE | G1307: 190 | H1307: 無印 | I1307: 190 | J1307: P190|無印 | K1307: 同頁凡例へ直接連動 | L1307: 202604_LIXIL_サーモスＬ_業務用資料集_完成品価格表.pdf | M1307: v0.6：同一価格表セクション内で凡例継承を確定。 | N1307: https://drive.google.com/file/d/1YUN-mtWYs48YBUHJk0C3vJXnhjyZFHyf/view
A1308: GSC-SL-001305 | B1308: SZ-SL-001305 | C1308: WT-SL-SOTODAOSHI | D1308: * | E1308: 06007 | F1308: TRUE | G1308: 190 | H1308: 無印 | I1308: 190 | J1308: P190|無印 | K1308: 同頁凡例へ直接連動 | L1308: 202604_LIXIL_サーモスＬ_業務用資料集_完成品価格表.pdf | M1308: v0.6：同一価格表セクション内で凡例継承を確定。 | N1308: https://drive.google.com/file/d/1YUN-mtWYs48YBUHJk0C3vJXnhjyZFHyf/view
A1309: GSC-SL-001306 | B1309: SZ-SL-001306 | C1309: WT-SL-SOTODAOSHI | D1309: * | E1309: 06905 | F1309: TRUE | G1309: 190 | H1309: 無印 | I1309: 190 | J1309: P190|無印 | K1309: 同頁凡例へ直接連動 | L1309: 202604_LIXIL_サーモスＬ_業務用資料集_完成品価格表.pdf | M1309: v0.6：同一価格表セクション内で凡例継承を確定。 | N1309: https://drive.google.com/file/d/1YUN-mtWYs48YBUHJk0C3vJXnhjyZFHyf/view
A1310: GSC-SL-001307 | B1310: SZ-SL-001307 | C1310: WT-SL-SOTODAOSHI | D1310: * | E1310: 06907 | F1310: TRUE | G1310: 190 | H1310: 無印 | I1310: 190 | J1310: P190|無印 | K1310: 同頁凡例へ直接連動 | L1310: 202604_LIXIL_サーモスＬ_業務用資料集_完成品価格表.pdf | M1310: v0.6：同一価格表セクション内で凡例継承を確定。 | N1310: https://drive.google.com/file/d/1YUN-mtWYs48YBUHJk0C3vJXnhjyZFHyf/view
A1311: GSC-SL-001308 | B1311: SZ-SL-001308 | C1311: WT-SL-SOTODAOSHI | D1311: * | E1311: 07405 | F1311: TRUE | G1311: 190 | H1311: 無印 | I1311: 190 | J1311: P190|無印 | K1311: 同頁凡例へ直接連動 | L1311: 202604_LIXIL_サーモスＬ_業務用資料集_完成品価格表.pdf | M1311: v0.6：同一価格表セクション内で凡例継承を確定。 | N1311: https://drive.google.com/file/d/1YUN-mtWYs48YBUHJk0C3vJXnhjyZFHyf/view
A1312: GSC-SL-001309 | B1312: SZ-SL-001309 | C1312: WT-SL-SOTODAOSHI | D1312: * | E1312: 07407 | F1312: TRUE | G1312: 190 | H1312: 無印 | I1312: 190 | J1312: P190|無印 | K1312: 同頁凡例へ直接連動 | L1312: 202604_LIXIL_サーモスＬ_業務用資料集_完成品価格表.pdf | M1312: v0.6：同一価格表セクション内で凡例継承を確定。 | N1312: https://drive.google.com/file/d/1YUN-mtWYs48YBUHJk0C3vJXnhjyZFHyf/view
A1313: GSC-SL-001310 | B1313: SZ-SL-001310 | C1313: WT-SL-SOTODAOSHI | D1313: * | E1313: 16505 | F1313: TRUE | G1313: 190 | H1313: 無印 | I1313: 190 | J1313: P190|無印 | K1313: 同頁凡例へ直接連動 | L1313: 202604_LIXIL_サーモスＬ_業務用資料集_完成品価格表.pdf | M1313: v0.6：同一価格表セクション内で凡例継承を確定。 | N1313: https://drive.google.com/file/d/1YUN-mtWYs48YBUHJk0C3vJXnhjyZFHyf/view
A1314: GSC-SL-001311 | B1314: SZ-SL-001311 | C1314: WT-SL-SOTODAOSHI | D1314: * | E1314: 16507 | F1314: TRUE | G1314: 190 | H1314: 無印 | I1314: 190 | J1314: P190|無印 | K1314: 同頁凡例へ直接連動 | L1314: 202604_LIXIL_サーモスＬ_業務用資料集_完成品価格表.pdf | M1314: v0.6：同一価格表セクション内で凡例継承を確定。 | N1314: https://drive.google.com/file/d/1YUN-mtWYs48YBUHJk0C3vJXnhjyZFHyf/view
A1315: GSC-SL-001312 | B1315: SZ-SL-001312 | C1315: WT-SL-KAZARI-HIKI | D1315: SP-SL-KAZARI-H | E1315: 06905 | F1315: TRUE | G1315: 192 | H1315: 無印 | I1315: 192 | J1315: P192|無印 | K1315: 同頁凡例へ直接連動 | L1315: 202604_LIXIL_サーモスＬ_業務用資料集_完成品価格表.pdf | M1315: v0.6：同一価格表セクション内で凡例継承を確定。 | N1315: https://drive.google.com/file/d/1YUN-mtWYs48YBUHJk0C3vJXnhjyZFHyf/view
A1316: GSC-SL-001313 | B1316: SZ-SL-001313 | C1316: WT-SL-KAZARI-HIKI | D1316: SP-SL-KAZARI-H | E1316: 06907 | F1316: TRUE | G1316: 192 | H1316: 無印 | I1316: 192 | J1316: P192|無印 | K1316: 同頁凡例へ直接連動 | L1316: 202604_LIXIL_サーモスＬ_業務用資料集_完成品価格表.pdf | M1316: v0.6：同一価格表セクション内で凡例継承を確定。 | N1316: https://drive.google.com/file/d/1YUN-mtWYs48YBUHJk0C3vJXnhjyZFHyf/view
A1317: GSC-SL-001314 | B1317: SZ-SL-001314 | C1317: WT-SL-KAZARI-HIKI | D1317: SP-SL-KAZARI-H | E1317: 06909 | F1317: TRUE | G1317: 192 | H1317: 無印 | I1317: 192 | J1317: P192|無印 | K1317: 同頁凡例へ直接連動 | L1317: 202604_LIXIL_サーモスＬ_業務用資料集_完成品価格表.pdf | M1317: v0.6：同一価格表セクション内で凡例継承を確定。 | N1317: https://drive.google.com/file/d/1YUN-mtWYs48YBUHJk0C3vJXnhjyZFHyf/view
A1318: GSC-SL-001315 | B1318: SZ-SL-001315 | C1318: WT-SL-KAZARI-HIKI | D1318: SP-SL-KAZARI-H | E1318: 07405 | F1318: TRUE | G1318: 192 | H1318: 無印 | I1318: 192 | J1318: P192|無印 | K1318: 同頁凡例へ直接連動 | L1318: 202604_LIXIL_サーモスＬ_業務用資料集_完成品価格表.pdf | M1318: v0.6：同一価格表セクション内で凡例継承を確定。 | N1318: https://drive.google.com/file/d/1YUN-mtWYs48YBUHJk0C3vJXnhjyZFHyf/view
... A1647: GSC-SL-001644 | B1647: SZ-SL-001644 | C1647: WT-SL-SHUTTER-HIKI | D1647: SP-SL-SHUT-M-STD | E1647: 34722 | F1647: TRUE | G1647: 61 | H1647: ★ | I1647: 61 | J1647: P61|★ | K1647: 同頁凡例へ直接連動 | L1647: 202604_LIXIL_サーモスＬ_業務用資料集_完成品価格表.pdf | M1647: v1.7：公式Source gap補完。 | N1647: https://drive.google.com/file/d/1YUN-mtWYs48YBUHJk0C3vJXnhjyZFHyf/view

Sheet 08D_ガラス記号凡例
A1: 価格表ガラス記号凡例｜ページ×記号｜サーモスL v0.5
A2: 価格表下部の凡例をページ単位で保持。同じ記号でも透明/型・耐風圧等級・障子構成で意味が変わるため、原本凡例をページ×記号で管理。
A3: legend_id | B3: 誌面ページ | C3: 記号 | D3: 凡例キー | E3: 透明/型等 | F3: 耐風圧/構成 | G3: 解析状態 | H3: 有効 | I3: 凡例原文 | J3: 出典 | K3: 一次資料URL
A4: GLG-SL-0001 | B4: 6 | C4: 無印 | D4: P6|無印 | E4: 透明/型 | F4: S-3（160）等級 | G4: 原本凡例保持・列位置は原本参照 | H4: TRUE | I4: 価格表は以下の条件で算出しています。 / 透明 型 / S-3（160）等級 S-3（160）等級 / 3-A-3 3-A-型4 | J4: 202604_LIXIL_サーモスＬ_業務用資料集_完成品価格表.pdf | K4: https://drive.google.com/file/d/1YUN-mtWYs48YBUHJk0C3vJXnhjyZFHyf/view
A5: GLG-SL-0002 | B5: 8 | C5: 無印 | D5: P8|無印 | E5: 透明/型 | F5: S-3（160）等級/S-2（120）等級 | G5: 原本凡例保持・列位置は原本参照 | H5: TRUE | I5: 価格表は以下の条件で算出しています。 / 透明 型 / S-3（160）等級 S-2（120）等級 S-3（160）等級 S-2（120）等級 / 無印 3-A-3 3-A-型4 / ○ 3-A-3 3-A-型4 | J5: 202604_LIXIL_サーモスＬ_業務用資料集_完成品価格表.pdf | K5: https://drive.google.com/file/d/1YUN-mtWYs48YBUHJk0C3vJXnhjyZFHyf/view
A6: GLG-SL-0003 | B6: 8 | C6: ○ | D6: P8|○ | E6: 透明/型 | F6: S-3（160）等級/S-2（120）等級 | G6: 原本凡例保持・列位置は原本参照 | H6: TRUE | I6: 価格表は以下の条件で算出しています。 / 透明 型 / S-3（160）等級 S-2（120）等級 S-3（160）等級 S-2（120）等級 / 無印 3-A-3 3-A-型4 / ○ 3-A-3 3-A-型4 | J6: 202604_LIXIL_サーモスＬ_業務用資料集_完成品価格表.pdf | K6: https://drive.google.com/file/d/1YUN-mtWYs48YBUHJk0C3vJXnhjyZFHyf/view
A7: GLG-SL-0004 | B7: 10 | C7: 無印 | D7: P10|無印 | E7: 透明/型 | F7: S-3（160）等級/S-2（120）等級 | G7: 原本凡例保持・列位置は原本参照 | H7: TRUE | I7: 価格表は以下の条件で算出しています。 / 透明 型 / S-3（160）等級 S-2（120）等級 S-3（160）等級 S-2（120）等級 / 無印 3-A-3 3-A-型4 / ○ 3-A-3 3-A-型4 | J7: 202604_LIXIL_サーモスＬ_業務用資料集_完成品価格表.pdf | K7: https://drive.google.com/file/d/1YUN-mtWYs48YBUHJk0C3vJXnhjyZFHyf/view
A8: GLG-SL-0005 | B8: 10 | C8: ○ | D8: P10|○ | E8: 透明/型 | F8: S-3（160）等級/S-2（120）等級 | G8: 原本凡例保持・列位置は原本参照 | H8: TRUE | I8: 価格表は以下の条件で算出しています。 / 透明 型 / S-3（160）等級 S-2（120）等級 S-3（160）等級 S-2（120）等級 / 無印 3-A-3 3-A-型4 / ○ 3-A-3 3-A-型4 | J8: 202604_LIXIL_サーモスＬ_業務用資料集_完成品価格表.pdf | K8: https://drive.google.com/file/d/1YUN-mtWYs48YBUHJk0C3vJXnhjyZFHyf/view
A9: GLG-SL-0006 | B9: 12 | C9: 無印 | D9: P12|無印 | E9: 透明/型 | F9: S-3（160）等級/S-2（120）等級/S-1（80）等級 | G9: 原本凡例保持・列位置は原本参照 | H9: TRUE | I9: 価格表は以下の条件で算出しています。 / 透明 型 / S-3（160）等級 S-2（120）等級 S-3（160）等級 S-2（120）等級 S-1（80）等級 / 無印 3-A-3 3-A-型4 / ★ 3-A-3 3-A-型4 / ○ 3-A-3 3-A-型4 / ☆ 3-A-3 4-A-型4 / ● 3-A-3 3-A-型4 | J9: 202604_LIXIL_サーモスＬ_業務用資料集_完成品価格表.pdf | K9: https://drive.google.com/file/d/1YUN-mtWYs48YBUHJk0C3vJXnhjyZFHyf/view
A10: GLG-SL-0007 | B10: 12 | C10: ★ | D10: P12|★ | E10: 透明/型 | F10: S-3（160）等級/S-2（120）等級/S-1（80）等級 | G10: 原本凡例保持・列位置は原本参照 | H10: TRUE | I10: 価格表は以下の条件で算出しています。 / 透明 型 / S-3（160）等級 S-2（120）等級 S-3（160）等級 S-2（120）等級 S-1（80）等級 / 無印 3-A-3 3-A-型4 / ★ 3-A-3 3-A-型4 / ○ 3-A-3 3-A-型4 / ☆ 3-A-3 4-A-型4 / ● 3-A-3 3-A-型4 | J10: 202604_LIXIL_サーモスＬ_業務用資料集_完成品価格表.pdf | K10: https://drive.google.com/file/d/1YUN-mtWYs48YBUHJk0C3vJXnhjyZFHyf/view
A11: GLG-SL-0008 | B11: 12 | C11: ☆ | D11: P12|☆ | E11: 透明/型 | F11: S-3（160）等級/S-2（120）等級/S-1（80）等級 | G11: 原本凡例保持・列位置は原本参照 | H11: TRUE | I11: 価格表は以下の条件で算出しています。 / 透明 型 / S-3（160）等級 S-2（120）等級 S-3（160）等級 S-2（120）等級 S-1（80）等級 / 無印 3-A-3 3-A-型4 / ★ 3-A-3 3-A-型4 / ○ 3-A-3 3-A-型4 / ☆ 3-A-3 4-A-型4 / ● 3-A-3 3-A-型4 | J11: 202604_LIXIL_サーモスＬ_業務用資料集_完成品価格表.pdf | K11: https://drive.google.com/file/d/1YUN-mtWYs48YBUHJk0C3vJXnhjyZFHyf/view
A12: GLG-SL-0009 | B12: 12 | C12: ○ | D12: P12|○ | E12: 透明/型 | F12: S-3（160）等級/S-2（120）等級/S-1（80）等級 | G12: 原本凡例保持・列位置は原本参照 | H12: TRUE | I12: 価格表は以下の条件で算出しています。 / 透明 型 / S-3（160）等級 S-2（120）等級 S-3（160）等級 S-2（120）等級 S-1（80）等級 / 無印 3-A-3 3-A-型4 / ★ 3-A-3 3-A-型4 / ○ 3-A-3 3-A-型4 / ☆ 3-A-3 4-A-型4 / ● 3-A-3 3-A-型4 | J12: 202604_LIXIL_サーモスＬ_業務用資料集_完成品価格表.pdf | K12: https://drive.google.com/file/d/1YUN-mtWYs48YBUHJk0C3vJXnhjyZFHyf/view
A13: GLG-SL-0010 | B13: 12 | C13: ● | D13: P12|● | E13: 透明/型 | F13: S-3（160）等級/S-2（120）等級/S-1（80）等級 | G13: 原本凡例保持・列位置は原本参照 | H13: TRUE | I13: 価格表は以下の条件で算出しています。 / 透明 型 / S-3（160）等級 S-2（120）等級 S-3（160）等級 S-2（120）等級 S-1（80）等級 / 無印 3-A-3 3-A-型4 / ★ 3-A-3 3-A-型4 / ○ 3-A-3 3-A-型4 / ☆ 3-A-3 4-A-型4 / ● 3-A-3 3-A-型4 | J13: 202604_LIXIL_サーモスＬ_業務用資料集_完成品価格表.pdf | K13: https://drive.google.com/file/d/1YUN-mtWYs48YBUHJk0C3vJXnhjyZFHyf/view
A14: GLG-SL-0011 | B14: 15 | C14: 無印 | D14: P15|無印 | E14: 透明 | F14: S-3（160）等級/S-2（120）等級 | G14: 原本凡例保持・列位置は原本参照 | H14: TRUE | I14: ＿＿ ＿＿ ＿＿ ＿＿ ＿＿ ＿＿ 価格表は以下の条件で算出しています。 / ¥182,600 ¥189,600 ¥183,800 ¥190,800 ¥185,200 ¥192,200 透明 / ¥196,600 ¥204,100 ¥198,000 ¥205,500 ¥199,200 ¥206,700 S-3（160）等級 S-2（120）等級 / ＿＿ ＿＿ ＿＿ ＿＿ ＿＿ ＿＿ 無印 3-A-3 / 3-A-3 / ¥15,900 ¥16,700 ¥15,900 ¥16,700 ¥15,900 ¥16,700 △※1 3-A-3 / ¥23,800 ¥25,100 ¥23,800 ¥25,100 ¥23,800 ¥25,100 （PG障子） / ★17420 ★17620 ★17820 ○※2 3-A-3 / 3-A-3 / （大壁和室障子） / ［17120］ ［17320］ ［17520］ / 3-A-3 / ¥75,300 ¥82,800 ¥75,300 ¥82,800 ¥75,300 ¥82,800 ▲※3 3-A-3 / （把手障子） / ¥91,200 ¥99,400 ¥91,200 ¥99,400 ¥91,200 ¥99,400 / ＿＿ ＿＿ ＿＿ ＿＿ ＿＿ ＿＿ ★ 3-A-3 / ¥161,400 ¥168,900 ¥162,400 ¥169,900 ¥163,400 ¥170,900 ※1 PG障子のみS-2（120）等級となります。 / ¥176,700 ¥184,900 ¥177,700 ¥185,900 ¥178,500 ¥186,700 ※2 大壁和室障子のみS-2（120）等級となります。 / ＿＿ ＿＿ ＿＿ ＿＿ ＿＿ ＿＿ ※3 把手障子のみS-3（160）等級となります。 / ¥200,400 ¥207,900 ¥201,800 ¥209,300 ¥203,200 ¥210,700 ●アシスト把手加算額 / ¥215,300 ¥223,500 ¥216,700 ¥224,900 ¥218,100 ¥226,300 / ＿＿ ＿＿ ＿＿ ＿＿ ＿＿ ＿＿ 2枚建 / +¥25,900 / ¥16,900 ¥17,600 ¥16,900 ¥17,600 ¥16,900 ¥17,600 / ¥25,700 ¥27,100 ¥25,700 ¥27,100 ¥25,700 ¥27,100 非常用進入口専用品と通常品の設定あり | J14: 202604_LIXIL_サーモスＬ_業務用資料集_完成品価格表.pdf | K14: https://drive.google.com/file/d/1YUN-mtWYs48YBUHJk0C3vJXnhjyZFHyf/view
A15: GLG-SL-0012 | B15: 15 | C15: ★ | D15: P15|★ | E15: 透明 | F15: S-3（160）等級/S-2（120）等級 | G15: 原本凡例保持・列位置は原本参照 | H15: TRUE | I15: ＿＿ ＿＿ ＿＿ ＿＿ ＿＿ ＿＿ 価格表は以下の条件で算出しています。 / ¥182,600 ¥189,600 ¥183,800 ¥190,800 ¥185,200 ¥192,200 透明 / ¥196,600 ¥204,100 ¥198,000 ¥205,500 ¥199,200 ¥206,700 S-3（160）等級 S-2（120）等級 / ＿＿ ＿＿ ＿＿ ＿＿ ＿＿ ＿＿ 無印 3-A-3 / 3-A-3 / ¥15,900 ¥16,700 ¥15,900 ¥16,700 ¥15,900 ¥16,700 △※1 3-A-3 / ¥23,800 ¥25,100 ¥23,800 ¥25,100 ¥23,800 ¥25,100 （PG障子） / ★17420 ★17620 ★17820 ○※2 3-A-3 / 3-A-3 / （大壁和室障子） / ［17120］ ［17320］ ［17520］ / 3-A-3 / ¥75,300 ¥82,800 ¥75,300 ¥82,800 ¥75,300 ¥82,800 ▲※3 3-A-3 / （把手障子） / ¥91,200 ¥99,400 ¥91,200 ¥99,400 ¥91,200 ¥99,400 / ＿＿ ＿＿ ＿＿ ＿＿ ＿＿ ＿＿ ★ 3-A-3 / ¥161,400 ¥168,900 ¥162,400 ¥169,900 ¥163,400 ¥170,900 ※1 PG障子のみS-2（120）等級となります。 / ¥176,700 ¥184,900 ¥177,700 ¥185,900 ¥178,500 ¥186,700 ※2 大壁和室障子のみS-2（120）等級となります。 / ＿＿ ＿＿ ＿＿ ＿＿ ＿＿ ＿＿ ※3 把手障子のみS-3（160）等級となります。 / ¥200,400 ¥207,900 ¥201,800 ¥209,300 ¥203,200 ¥210,700 ●アシスト把手加算額 / ¥215,300 ¥223,500 ¥216,700 ¥224,900 ¥218,100 ¥226,300 / ＿＿ ＿＿ ＿＿ ＿＿ ＿＿ ＿＿ 2枚建 / +¥25,900 / ¥16,900 ¥17,600 ¥16,900 ¥17,600 ¥16,900 ¥17,600 / ¥25,700 ¥27,100 ¥25,700 ¥27,100 ¥25,700 ¥27,100 非常用進入口専用品と通常品の設定あり | J15: 202604_LIXIL_サーモスＬ_業務用資料集_完成品価格表.pdf | K15: https://drive.google.com/file/d/1YUN-mtWYs48YBUHJk0C3vJXnhjyZFHyf/view
... A324: GLG-SL-0321 | B324: 204 | C324: ● | D324: P204|● | E324: 透明/型 | F324: S-3（160）等級/S-2（120）等級 | G324: 原本凡例保持・列位置は原本参照 | H324: TRUE | I324: 部材セット価格 ¥51,600 ¥56,700 ¥51,600 ¥56,700 価格表は以下の条件で算出しています。 / 一般 ＰＧ 透明 ¥81,900 ¥87,000 ¥82,200 ¥87,300 透明（外障子） / 共通有償品 / 575 / 500 / 500 / 570 / 完成品 複層 障子 型 / 05 / ¥81,900 ¥87,000 ¥82,200 ¥87,300 S-3（160）等級 / 価格 Low-E ＰＧ 透明 ¥93,500 ¥98,600 ¥93,900 ¥99,000 無印 3-A-3 / 複層 障子 型 ¥93,500 ¥98,600 ¥93,900 ¥99,000 ★ 3-A-3 / 引違い網戸（中桟無） ¥10,300 ¥11,000 ¥10,300 ¥11,000 ○ / 呼称 16007 16507 ☆ / [内法呼称] [15707] [16207] ● / 部材セット価格 ¥55,000 ¥60,600 ¥55,000 ¥60,600 / 一般 ＰＧ 透明 ¥89,300 ¥94,900 ¥89,700 ¥95,300 S-2（120）等級 / 無印 / 775 / 700 | J324: 202604_LIXIL_サーモスＬ_業務用資料集_完成品価格表.pdf | K324: https://drive.google.com/file/d/1YUN-mtWYs48YBUHJk0C3vJXnhjyZFHyf/view
A325: GLG-SL-0322 | B325: 205 | C325: 無印 | D325: P205|無印 | F325: S-2（120）等級/S-1（80）等級 | G325: 原本凡例保持・列位置は原本参照 | H325: TRUE | I325: 価格表は以下の条件で算出しています。 ●アシスト把手加算額 / 内障子 外障子 2枚建 / S-2（120）等級 S-2（120）等級 S-1（80）等級 +¥25,900 / ★ 3-A-3 4-A-4 / ● 3-A-3 4-A-5 / ○ 3-A-3 4-A-4 / 205 | J325: 202604_LIXIL_サーモスＬ_業務用資料集_完成品価格表.pdf | K325: https://drive.google.com/file/d/1YUN-mtWYs48YBUHJk0C3vJXnhjyZFHyf/view
A326: GLG-SL-0323 | B326: 205 | C326: ★ | D326: P205|★ | F326: S-2（120）等級/S-1（80）等級 | G326: 原本凡例保持・列位置は原本参照 | H326: TRUE | I326: 価格表は以下の条件で算出しています。 ●アシスト把手加算額 / 内障子 外障子 2枚建 / S-2（120）等級 S-2（120）等級 S-1（80）等級 +¥25,900 / ★ 3-A-3 4-A-4 / ● 3-A-3 4-A-5 / ○ 3-A-3 4-A-4 / 205 | J326: 202604_LIXIL_サーモスＬ_業務用資料集_完成品価格表.pdf | K326: https://drive.google.com/file/d/1YUN-mtWYs48YBUHJk0C3vJXnhjyZFHyf/view
A327: GLG-SL-0324 | B327: 205 | C327: ○ | D327: P205|○ | F327: S-2（120）等級/S-1（80）等級 | G327: 原本凡例保持・列位置は原本参照 | H327: TRUE | I327: 価格表は以下の条件で算出しています。 ●アシスト把手加算額 / 内障子 外障子 2枚建 / S-2（120）等級 S-2（120）等級 S-1（80）等級 +¥25,900 / ★ 3-A-3 4-A-4 / ● 3-A-3 4-A-5 / ○ 3-A-3 4-A-4 / 205 | J327: 202604_LIXIL_サーモスＬ_業務用資料集_完成品価格表.pdf | K327: https://drive.google.com/file/d/1YUN-mtWYs48YBUHJk0C3vJXnhjyZFHyf/view
A328: GLG-SL-0325 | B328: 205 | C328: ● | D328: P205|● | F328: S-2（120）等級/S-1（80）等級 | G328: 原本凡例保持・列位置は原本参照 | H328: TRUE | I328: 価格表は以下の条件で算出しています。 ●アシスト把手加算額 / 内障子 外障子 2枚建 / S-2（120）等級 S-2（120）等級 S-1（80）等級 +¥25,900 / ★ 3-A-3 4-A-4 / ● 3-A-3 4-A-5 / ○ 3-A-3 4-A-4 / 205 | J328: 202604_LIXIL_サーモスＬ_業務用資料集_完成品価格表.pdf | K328: https://drive.google.com/file/d/1YUN-mtWYs48YBUHJk0C3vJXnhjyZFHyf/view
A329: GLG-SL-0326 | B329: 206 | C329: 無印 | D329: P206|無印 | E329: 透明/型 | F329: S-3（160）等級/S-2（120）等級 | G329: 原本凡例保持・列位置は原本参照 | H329: TRUE | I329: 価格表は以下の条件で算出しています。 / 透明 型 / S-3（160）等級 S-2（120）等級 S-3（160）等級 S-2（120）等級 / 無印 3-A-3 3-A-型4 / ☆ 3-A-3 4-A-型4 / ★ 3-A-3 3-A-型4 / □ 3-A-3 4-A-型4 / ■ 3-A-3 3-A-型4 / ○ 3-A-3 4-A-型4 | J329: 202604_LIXIL_サーモスＬ_業務用資料集_完成品価格表.pdf | K329: https://drive.google.com/file/d/1YUN-mtWYs48YBUHJk0C3vJXnhjyZFHyf/view
A330: GLG-SL-0327 | B330: 206 | C330: ★ | D330: P206|★ | E330: 透明/型 | F330: S-3（160）等級/S-2（120）等級 | G330: 原本凡例保持・列位置は原本参照 | H330: TRUE | I330: 価格表は以下の条件で算出しています。 / 透明 型 / S-3（160）等級 S-2（120）等級 S-3（160）等級 S-2（120）等級 / 無印 3-A-3 3-A-型4 / ☆ 3-A-3 4-A-型4 / ★ 3-A-3 3-A-型4 / □ 3-A-3 4-A-型4 / ■ 3-A-3 3-A-型4 / ○ 3-A-3 4-A-型4 | J330: 202604_LIXIL_サーモスＬ_業務用資料集_完成品価格表.pdf | K330: https://drive.google.com/file/d/1YUN-mtWYs48YBUHJk0C3vJXnhjyZFHyf/view
A331: GLG-SL-0328 | B331: 206 | C331: ☆ | D331: P206|☆ | E331: 透明/型 | F331: S-3（160）等級/S-2（120）等級 | G331: 原本凡例保持・列位置は原本参照 | H331: TRUE | I331: 価格表は以下の条件で算出しています。 / 透明 型 / S-3（160）等級 S-2（120）等級 S-3（160）等級 S-2（120）等級 / 無印 3-A-3 3-A-型4 / ☆ 3-A-3 4-A-型4 / ★ 3-A-3 3-A-型4 / □ 3-A-3 4-A-型4 / ■ 3-A-3 3-A-型4 / ○ 3-A-3 4-A-型4 | J331: 202604_LIXIL_サーモスＬ_業務用資料集_完成品価格表.pdf | K331: https://drive.google.com/file/d/1YUN-mtWYs48YBUHJk0C3vJXnhjyZFHyf/view
A332: GLG-SL-0329 | B332: 206 | C332: ○ | D332: P206|○ | E332: 透明/型 | F332: S-3（160）等級/S-2（120）等級 | G332: 原本凡例保持・列位置は原本参照 | H332: TRUE | I332: 価格表は以下の条件で算出しています。 / 透明 型 / S-3（160）等級 S-2（120）等級 S-3（160）等級 S-2（120）等級 / 無印 3-A-3 3-A-型4 / ☆ 3-A-3 4-A-型4 / ★ 3-A-3 3-A-型4 / □ 3-A-3 4-A-型4 / ■ 3-A-3 3-A-型4 / ○ 3-A-3 4-A-型4 | J332: 202604_LIXIL_サーモスＬ_業務用資料集_完成品価格表.pdf | K332: https://drive.google.com/file/d/1YUN-mtWYs48YBUHJk0C3vJXnhjyZFHyf/view
A333: GLG-SL-0330 | B333: 207 | C333: 無印 | D333: P207|無印 | E333: 透明/型 | F333: S-3（160）等級/S-2（120）等級 | G333: 原本凡例保持・列位置は原本参照 | H333: TRUE | I333: 価格表は以下の条件で算出しています。 / 透明 型 / S-3（160）等級 S-2（120）等級 S-3（160）等級 S-2（120）等級 / 無印 3-A-3 3-A-型4 / ☆ 3-A-3 4-A-型4 / ★ 3-A-3 3-A-型4 / ● 3-A-3 3-A-型4 / ○ 3-A-3 4-A-型4 / 207 | J333: 202604_LIXIL_サーモスＬ_業務用資料集_完成品価格表.pdf | K333: https://drive.google.com/file/d/1YUN-mtWYs48YBUHJk0C3vJXnhjyZFHyf/view
A334: GLG-SL-0331 | B334: 207 | C334: ★ | D334: P207|★ | E334: 透明/型 | F334: S-3（160）等級/S-2（120）等級 | G334: 原本凡例保持・列位置は原本参照 | H334: TRUE | I334: 価格表は以下の条件で算出しています。 / 透明 型 / S-3（160）等級 S-2（120）等級 S-3（160）等級 S-2（120）等級 / 無印 3-A-3 3-A-型4 / ☆ 3-A-3 4-A-型4 / ★ 3-A-3 3-A-型4 / ● 3-A-3 3-A-型4 / ○ 3-A-3 4-A-型4 / 207 | J334: 202604_LIXIL_サーモスＬ_業務用資料集_完成品価格表.pdf | K334: https://drive.google.com/file/d/1YUN-mtWYs48YBUHJk0C3vJXnhjyZFHyf/view
A335: GLG-SL-0332 | B335: 207 | C335: ☆ | D335: P207|☆ | E335: 透明/型 | F335: S-3（160）等級/S-2（120）等級 | G335: 原本凡例保持・列位置は原本参照 | H335: TRUE | I335: 価格表は以下の条件で算出しています。 / 透明 型 / S-3（160）等級 S-2（120）等級 S-3（160）等級 S-2（120）等級 / 無印 3-A-3 3-A-型4 / ☆ 3-A-3 4-A-型4 / ★ 3-A-3 3-A-型4 / ● 3-A-3 3-A-型4 / ○ 3-A-3 4-A-型4 / 207 | J335: 202604_LIXIL_サーモスＬ_業務用資料集_完成品価格表.pdf | K335: https://drive.google.com/file/d/1YUN-mtWYs48YBUHJk0C3vJXnhjyZFHyf/view
A336: GLG-SL-0333 | B336: 207 | C336: ○ | D336: P207|○ | E336: 透明/型 | F336: S-3（160）等級/S-2（120）等級 | G336: 原本凡例保持・列位置は原本参照 | H336: TRUE | I336: 価格表は以下の条件で算出しています。 / 透明 型 / S-3（160）等級 S-2（120）等級 S-3（160）等級 S-2（120）等級 / 無印 3-A-3 3-A-型4 / ☆ 3-A-3 4-A-型4 / ★ 3-A-3 3-A-型4 / ● 3-A-3 3-A-型4 / ○ 3-A-3 4-A-型4 / 207 | J336: 202604_LIXIL_サーモスＬ_業務用資料集_完成品価格表.pdf | K336: https://drive.google.com/file/d/1YUN-mtWYs48YBUHJk0C3vJXnhjyZFHyf/view
A337: GLG-SL-0334 | B337: 207 | C337: ● | D337: P207|● | E337: 透明/型 | F337: S-3（160）等級/S-2（120）等級 | G337: 原本凡例保持・列位置は原本参照 | H337: TRUE | I337: 価格表は以下の条件で算出しています。 / 透明 型 / S-3（160）等級 S-2（120）等級 S-3（160）等級 S-2（120）等級 / 無印 3-A-3 3-A-型4 / ☆ 3-A-3 4-A-型4 / ★ 3-A-3 3-A-型4 / ● 3-A-3 3-A-型4 / ○ 3-A-3 4-A-型4 / 207 | J337: 202604_LIXIL_サーモスＬ_業務用資料集_完成品価格表.pdf | K337: https://drive.google.com/file/d/1YUN-mtWYs48YBUHJk0C3vJXnhjyZFHyf/view
A338: GLG-SL-0335 | B338: 208 | C338: 無印 | D338: P208|無印 | E338: 透明/型 | F338: S-3（160）等級 | G338: 原本凡例保持・列位置は原本参照 | H338: TRUE | I338: Low-E複層 価格表は以下の条件で算出しています。 / 型 ¥117,500 ¥124,600 ¥125,300 ¥132,300 / 透明 / 加算額 シリンダー付仕様 +¥22,200 +¥23,400 +¥22,100 +¥23,500 / しまえるんですJ ¥47,500 ¥47,500 ¥47,500 ¥47,500 S-3（160）等級 / 無印 / ★06020（L/R）B ★06920（L/R）B / 3-A-3 / 呼称 / ［内法呼称］ ［05720（L/R）B］ ［06620（L/R）B］ ☆ 3-A-3 / 部材セット価格 ¥83,500 ¥91,000 ¥85,500 ¥93,100 ★ 3-A-3 / 透明 ¥114,800 ¥122,300 ¥121,100 ¥128,700 ● / 一般複層 ○ / 完成品 型 / 2,050 / 2,000 / 2,000 / 2,060 / ¥114,800 ¥122,300 ¥121,100 ¥128,700 / 20 | J338: 202604_LIXIL_サーモスＬ_業務用資料集_完成品価格表.pdf | K338: https://drive.google.com/file/d/1YUN-mtWYs48YBUHJk0C3vJXnhjyZFHyf/view
A339: GLG-SL-0336 | B339: 208 | C339: ★ | D339: P208|★ | E339: 透明/型 | F339: S-3（160）等級 | G339: 原本凡例保持・列位置は原本参照 | H339: TRUE | I339: Low-E複層 価格表は以下の条件で算出しています。 / 型 ¥117,500 ¥124,600 ¥125,300 ¥132,300 / 透明 / 加算額 シリンダー付仕様 +¥22,200 +¥23,400 +¥22,100 +¥23,500 / しまえるんですJ ¥47,500 ¥47,500 ¥47,500 ¥47,500 S-3（160）等級 / 無印 / ★06020（L/R）B ★06920（L/R）B / 3-A-3 / 呼称 / ［内法呼称］ ［05720（L/R）B］ ［06620（L/R）B］ ☆ 3-A-3 / 部材セット価格 ¥83,500 ¥91,000 ¥85,500 ¥93,100 ★ 3-A-3 / 透明 ¥114,800 ¥122,300 ¥121,100 ¥128,700 ● / 一般複層 ○ / 完成品 型 / 2,050 / 2,000 / 2,000 / 2,060 / ¥114,800 ¥122,300 ¥121,100 ¥128,700 / 20 | J339: 202604_LIXIL_サーモスＬ_業務用資料集_完成品価格表.pdf | K339: https://drive.google.com/file/d/1YUN-mtWYs48YBUHJk0C3vJXnhjyZFHyf/view
A340: GLG-SL-0337 | B340: 208 | C340: ☆ | D340: P208|☆ | E340: 透明/型 | F340: S-3（160）等級 | G340: 原本凡例保持・列位置は原本参照 | H340: TRUE | I340: Low-E複層 価格表は以下の条件で算出しています。 / 型 ¥117,500 ¥124,600 ¥125,300 ¥132,300 / 透明 / 加算額 シリンダー付仕様 +¥22,200 +¥23,400 +¥22,100 +¥23,500 / しまえるんですJ ¥47,500 ¥47,500 ¥47,500 ¥47,500 S-3（160）等級 / 無印 / ★06020（L/R）B ★06920（L/R）B / 3-A-3 / 呼称 / ［内法呼称］ ［05720（L/R）B］ ［06620（L/R）B］ ☆ 3-A-3 / 部材セット価格 ¥83,500 ¥91,000 ¥85,500 ¥93,100 ★ 3-A-3 / 透明 ¥114,800 ¥122,300 ¥121,100 ¥128,700 ● / 一般複層 ○ / 完成品 型 / 2,050 / 2,000 / 2,000 / 2,060 / ¥114,800 ¥122,300 ¥121,100 ¥128,700 / 20 | J340: 202604_LIXIL_サーモスＬ_業務用資料集_完成品価格表.pdf | K340: https://drive.google.com/file/d/1YUN-mtWYs48YBUHJk0C3vJXnhjyZFHyf/view
... A363: GLG-SL-V06-002 | B363: 188 | C363: 直接注記 | D363: P188|DIRECT-16503 | E363: 透明 | F363: 16503のみ3-A-3 | G363: v0.6直接注記 | H363: TRUE | I363: 16503［16203］サイズの対応可能ガラスは3-A-3のみとなります。 | J363: 202604_LIXIL_サーモスＬ_業務用資料集_完成品価格表.pdf | K363: https://drive.google.com/file/d/1YUN-mtWYs48YBUHJk0C3vJXnhjyZFHyf/view

Sheet 08E_機能ガラス確認ゲート
A1: 機能ガラス組合せ確認ゲート｜サーモスL v0.7-R2
A2: SN1400 P1のメーカー見積システム直接委譲をSection20へ正式適用。既知のBLOCK・直接結果・数値制限を先に評価し、残差だけをESTIMATE_CONFIRM_REQUIREDとしてLIXIL見積システムへ送る。自動成立は禁止。
A3: gate_id | B3: glass_id | C3: 機能 | D3: カタログ掲載 | E3: 地域/依存条件 | F3: 窓種条件 | G3: サイズ別自動確定 | H3: 最終確認先 | I3: アプリ候補 | J3: 有効 | K3: 登録状態 | L3: 備考 | M3: 一次資料URL
A4: GG-SL-001 | B4: GL-SL-FUNC-GREEN | C4: Low-E グリーン | D4: 確認済み | F4: 商品体系連動 | G4: FALSE | H4: LIXIL見積システム | I4: ESTIMATE_CONFIRM_REQUIRED | J4: TRUE | K4: PASS_SECTION20_DELEGATION | L4: SN1400 P1の直接委譲範囲。既知制限を先に評価し、残差のみLIXIL見積システム確認。ESTIMATE_CONFIRM_REQUIREDを自動ALLOWEDにしない。 | M4: https://webcatalog.lixil.co.jp/iportal/CatalogDetail.do?catalogID=15191910000&categoryID=1630000&designID=newinter&method=initial_screen&position=18&type=mc&volumeID=LXL13001
A5: GG-SL-002 | B5: GL-SL-FUNC-GREEN-HS | C5: Low-E グリーン（高遮熱仕様） | D5: 確認済み | F5: 商品体系連動 | G5: FALSE | H5: LIXIL見積システム | I5: ESTIMATE_CONFIRM_REQUIRED | J5: TRUE | K5: PASS_SECTION20_DELEGATION | L5: SN1400 P1の直接委譲範囲。既知制限を先に評価し、残差のみLIXIL見積システム確認。ESTIMATE_CONFIRM_REQUIREDを自動ALLOWEDにしない。 | M5: https://webcatalog.lixil.co.jp/iportal/CatalogDetail.do?catalogID=15191910000&categoryID=1630000&designID=newinter&method=initial_screen&position=18&type=mc&volumeID=LXL13001
A6: GG-SL-003 | B6: GL-SL-FUNC-HISOLAR | C6: Low-E クリア（高日射取得仕様） | D6: 確認済み | F6: サーモスL非対応（TW・EWのみ） | G6: TRUE | H6: 適用外 | I6: 非表示/BLOCK | J6: FALSE | K6: BLOCK | L6: SN1400 P1注記※6でLow-Eクリア（高日射取得仕様）はTW・EWのみ。サーモスLでは候補非表示・BLOCK。 | M6: https://webcatalog.lixil.co.jp/iportal/CatalogDetail.do?catalogID=15191910000&categoryID=1630000&designID=newinter&method=initial_screen&position=18&type=mc&volumeID=LXL13001
A7: GG-SL-004 | B7: GL-SL-LOWE-BRONZE | C7: Low-E ブロンズ | D7: 確認済み | E7: 北海道・東北地区限定 | F7: 商品体系連動 | G7: FALSE | H7: LIXIL見積システム | I7: ESTIMATE_CONFIRM_REQUIRED | J7: TRUE | K7: PASS_SECTION20_DELEGATION | L7: SN1400 P1の直接委譲範囲。既知制限を先に評価し、残差のみLIXIL見積システム確認。ESTIMATE_CONFIRM_REQUIREDを自動ALLOWEDにしない。 | M7: https://webcatalog.lixil.co.jp/iportal/CatalogDetail.do?catalogID=15191910000&categoryID=1630000&designID=newinter&method=initial_screen&position=18&type=mc&volumeID=LXL13001
A8: GG-SL-005 | B8: GL-SL-OPT-PATTERN | C8: 型板 | D8: 確認済み | F8: 窓種・サイズにより不可あり | G8: TRUE | H8: 08A/08B サイズ条件 | I8: SOURCE_SIZE_CONTROLLED | J8: TRUE | K8: PASS | L8: Size Recordと窓種制御の既知条件で判定。 | M8: https://webcatalog.lixil.co.jp/iportal/CatalogDetail.do?catalogID=15191910000&categoryID=1630000&designID=newinter&method=initial_screen&position=18&type=mc&volumeID=LXL13001
A9: GG-SL-006 | B9: GL-SL-OPT-FROST | C9: 目隠しフロスト | D9: 確認済み | F9: 窓種・サイズにより不可あり | G9: FALSE | H9: LIXIL見積システム | I9: ESTIMATE_CONFIRM_REQUIRED | J9: TRUE | K9: PASS_SECTION20_DELEGATION | L9: SN1400 P1の直接委譲範囲。既知制限を先に評価し、残差のみLIXIL見積システム確認。ESTIMATE_CONFIRM_REQUIREDを自動ALLOWEDにしない。 | M9: https://webcatalog.lixil.co.jp/iportal/CatalogDetail.do?catalogID=15191910000&categoryID=1630000&designID=newinter&method=initial_screen&position=18&type=mc&volumeID=LXL13001
A10: GG-SL-007 | B10: GL-SL-OPT-SAFE | C10: 安全合わせ | D10: 確認済み | F10: STANDARD 523件直接結果／残1,121件とCUSTOMはECR | G10: FALSE | H10: 直接公式結果→既知数値制限→LIXIL見積システム | I10: DIRECT_RESULT_OR_ESTIMATE_CONFIRM_REQUIRED | J10: TRUE | K10: PASS_SECTION20_DELEGATION | L10: SDC0003156/3157の523件は517 ALLOWED / 6 BLOCKEDを維持。残1,121件とCUSTOMはSN1400既知制限を先に評価し、残差のみECR。 | M10: https://webcatalog.lixil.co.jp/iportal/CatalogDetail.do?catalogID=15191910000&categoryID=1630000&designID=newinter&method=initial_screen&position=18&type=mc&volumeID=LXL13001
A11: GG-SL-008 | B11: GL-SL-OPT-DISASTER | C11: 防災安全合わせ | D11: 確認済み | F11: 窓種・サイズにより不可あり | G11: FALSE | H11: LIXIL見積システム | I11: ESTIMATE_CONFIRM_REQUIRED | J11: TRUE | K11: PASS_SECTION20_DELEGATION | L11: SN1400 P1の直接委譲範囲。既知制限を先に評価し、残差のみLIXIL見積システム確認。ESTIMATE_CONFIRM_REQUIREDを自動ALLOWEDにしない。 | M11: https://webcatalog.lixil.co.jp/iportal/CatalogDetail.do?catalogID=15191910000&categoryID=1630000&designID=newinter&method=initial_screen&position=18&type=mc&volumeID=LXL13001
A12: GG-SL-009 | B12: GL-SL-OPT-MILKY | C12: 安全合わせ乳白 | D12: 確認済み | E12: 安全合わせ選択時のみ | F12: FROST・PATTERNとの組合せはBLOCK、その他残差はECR | G12: FALSE | H12: 既知BLOCK→LIXIL見積システム | I12: BLOCK_OR_ESTIMATE_CONFIRM_REQUIRED | J12: TRUE | K12: PASS_SECTION20_DELEGATION | L12: SN1400 P1注記※2。安全合わせ乳白×フロスト／型板は公式非対応としてBLOCK。その他の未確定残差のみECR。 | M12: https://webcatalog.lixil.co.jp/iportal/CatalogDetail.do?catalogID=15191910000&categoryID=1630000&designID=newinter&method=initial_screen&position=18&type=mc&volumeID=LXL13001
A13: GG-SL-010 | B13: GL-SL-OPT-BLIND | C13: 調光ブラインドイン | D13: 確認済み | E13: 専用構成／中空層15mm／ガラス縦450～1900mm・横480～1640mm | F13: 公式Window/specific_spec Scope＋P34寸法 | G13: FALSE | H13: 既知Scope・寸法BLOCK→LIXIL見積システム | I13: BLOCK_OR_ESTIMATE_CONFIRM_REQUIRED | J13: TRUE | K13: PASS_SECTION20_DELEGATION | L13: 非対象Window/specific_specと公式ガラス寸法範囲外はBLOCK。ガラス開口寸法が未解決の残差のみECR。 | M13: https://webcatalog.lixil.co.jp/iportal/CatalogDetail.do?catalogID=15191910000&categoryID=1630000&designID=newinter&method=initial_screen&position=18&type=mc&volumeID=LXL13001
A14: GG-SL-011 | B14: GL-SL-OPT-GRID | C14: 意匠格子入り | D14: 確認済み | E14: 専用構成 | F14: 限定窓種 | G14: FALSE | H14: LIXIL見積システム | I14: ESTIMATE_CONFIRM_REQUIRED | J14: TRUE | K14: PASS_SECTION20_DELEGATION | L14: SN1400 P1の直接委譲範囲。既知制限を先に評価し、残差のみLIXIL見積システム確認。ESTIMATE_CONFIRM_REQUIREDを自動ALLOWEDにしない。 | M14: https://webcatalog.lixil.co.jp/iportal/CatalogDetail.do?catalogID=15191910000&categoryID=1630000&designID=newinter&method=initial_screen&position=18&type=mc&volumeID=LXL13001
A15: GG-SL-012 | B15: GL-SL-OPT-TEMPERED | C15: 強化複層 | D15: 一般サーモスLとして未確定 | E15: 原本条件未確定 | F15: 自動候補にしない | G15: FALSE | H15: 正式可否未閉包（確認経路未確定） | I15: 非表示/BLOCK | J15: FALSE | K15: BLOCK | L15: 一般サーモスLの設定として公式根拠が閉包していないため一般化しない。特定確認経路も確定しない。 | M15: https://webcatalog.lixil.co.jp/iportal/CatalogDetail.do?catalogID=15191910000&categoryID=1630000&designID=newinter&method=initial_screen&position=18&type=mc&volumeID=LXL13001

Sheet 08D2_凡例継承マップ
A1: ガラス凡例継承マップ｜同一価格表セクション｜サーモスL v0.6
A2: 凡例が次ページに掲載される価格表と、前ページ凡例を継続する価格表をセクション単位で明示。
A3: map_id | B3: 対象誌面頁 | C3: 記号 | D3: セクション開始 | E3: セクション終了 | F3: セクション | G3: 凡例参照頁 | H3: 凡例キー | I3: 継承方向 | J3: 確定状態 | K3: 出典 | L3: 一次資料URL
A4: GLMAP-SL-0001 | B4: 6 | C4: 無印 | D4: 6 | E4: 7 | F4: 引違い窓 │単体引違い窓 / （在来・204）マド① | G4: 6 | H4: P6|無印 | I4: same_page | J4: 同頁凡例へ直接連動 | K4: 202604_LIXIL_サーモスＬ_業務用資料集_完成品価格表.pdf | L4: https://drive.google.com/file/d/1YUN-mtWYs48YBUHJk0C3vJXnhjyZFHyf/view
A5: GLMAP-SL-0002 | B5: 7 | C5: 無印 | D5: 6 | E5: 7 | F5: 引違い窓 │単体引違い窓 / （在来・204）マド① | G5: 6 | H5: P6|無印 | I5: previous_in_same_section | J5: 同一価格表・前頁凡例を継承 | K5: 202604_LIXIL_サーモスＬ_業務用資料集_完成品価格表.pdf | L5: https://drive.google.com/file/d/1YUN-mtWYs48YBUHJk0C3vJXnhjyZFHyf/view
A6: GLMAP-SL-0003 | B6: 8 | C6: 無印 | D6: 8 | E6: 9 | F6: 引違い窓 │単体引違い窓 / （在来・204）マド② | G6: 8 | H6: P8|無印 | I6: same_page | J6: 同頁凡例へ直接連動 | K6: 202604_LIXIL_サーモスＬ_業務用資料集_完成品価格表.pdf | L6: https://drive.google.com/file/d/1YUN-mtWYs48YBUHJk0C3vJXnhjyZFHyf/view
A7: GLMAP-SL-0004 | B7: 9 | C7: ○ | D7: 8 | E7: 9 | F7: 引違い窓 │単体引違い窓 / （在来・204）マド② | G7: 8 | H7: P8|○ | I7: previous_in_same_section | J7: 同一価格表・前頁凡例を継承 | K7: 202604_LIXIL_サーモスＬ_業務用資料集_完成品価格表.pdf | L7: https://drive.google.com/file/d/1YUN-mtWYs48YBUHJk0C3vJXnhjyZFHyf/view
A8: GLMAP-SL-0005 | B8: 9 | C8: 無印 | D8: 8 | E8: 9 | F8: 引違い窓 │単体引違い窓 / （在来・204）マド② | G8: 8 | H8: P8|無印 | I8: previous_in_same_section | J8: 同一価格表・前頁凡例を継承 | K8: 202604_LIXIL_サーモスＬ_業務用資料集_完成品価格表.pdf | L8: https://drive.google.com/file/d/1YUN-mtWYs48YBUHJk0C3vJXnhjyZFHyf/view
A9: GLMAP-SL-0006 | B9: 10 | C9: 無印 | D9: 10 | E9: 11 | F9: 引違い窓 │単体引違い窓 / （在来・204）マド③ | G9: 10 | H9: P10|無印 | I9: same_page | J9: 同頁凡例へ直接連動 | K9: 202604_LIXIL_サーモスＬ_業務用資料集_完成品価格表.pdf | L9: https://drive.google.com/file/d/1YUN-mtWYs48YBUHJk0C3vJXnhjyZFHyf/view
A10: GLMAP-SL-0007 | B10: 11 | C10: ○ | D10: 10 | E10: 11 | F10: 引違い窓 │単体引違い窓 / （在来・204）マド③ | G10: 10 | H10: P10|○ | I10: previous_in_same_section | J10: 同一価格表・前頁凡例を継承 | K10: 202604_LIXIL_サーモスＬ_業務用資料集_完成品価格表.pdf | L10: https://drive.google.com/file/d/1YUN-mtWYs48YBUHJk0C3vJXnhjyZFHyf/view
A11: GLMAP-SL-0008 | B11: 11 | C11: 無印 | D11: 10 | E11: 11 | F11: 引違い窓 │単体引違い窓 / （在来・204）マド③ | G11: 10 | H11: P10|無印 | I11: previous_in_same_section | J11: 同一価格表・前頁凡例を継承 | K11: 202604_LIXIL_サーモスＬ_業務用資料集_完成品価格表.pdf | L11: https://drive.google.com/file/d/1YUN-mtWYs48YBUHJk0C3vJXnhjyZFHyf/view
A12: GLMAP-SL-0009 | B12: 12 | C12: ○ | D12: 12 | E12: 13 | F12: 引違い窓 │単体引違い窓 / （在来・204）マド④ | G12: 12 | H12: P12|○ | I12: same_page | J12: 同頁凡例へ直接連動 | K12: 202604_LIXIL_サーモスＬ_業務用資料集_完成品価格表.pdf | L12: https://drive.google.com/file/d/1YUN-mtWYs48YBUHJk0C3vJXnhjyZFHyf/view
A13: GLMAP-SL-0010 | B13: 12 | C13: ★ | D13: 12 | E13: 13 | F13: 引違い窓 │単体引違い窓 / （在来・204）マド④ | G13: 12 | H13: P12|★ | I13: same_page | J13: 同頁凡例へ直接連動 | K13: 202604_LIXIL_サーモスＬ_業務用資料集_完成品価格表.pdf | L13: https://drive.google.com/file/d/1YUN-mtWYs48YBUHJk0C3vJXnhjyZFHyf/view
A14: GLMAP-SL-0011 | B14: 12 | C14: 無印 | D14: 12 | E14: 13 | F14: 引違い窓 │単体引違い窓 / （在来・204）マド④ | G14: 12 | H14: P12|無印 | I14: same_page | J14: 同頁凡例へ直接連動 | K14: 202604_LIXIL_サーモスＬ_業務用資料集_完成品価格表.pdf | L14: https://drive.google.com/file/d/1YUN-mtWYs48YBUHJk0C3vJXnhjyZFHyf/view
A15: GLMAP-SL-0012 | B15: 13 | C15: ● | D15: 12 | E15: 13 | F15: 引違い窓 │単体引違い窓 / （在来・204）マド④ | G15: 12 | H15: P12|● | I15: previous_in_same_section | J15: 同一価格表・前頁凡例を継承 | K15: 202604_LIXIL_サーモスＬ_業務用資料集_完成品価格表.pdf | L15: https://drive.google.com/file/d/1YUN-mtWYs48YBUHJk0C3vJXnhjyZFHyf/view
... A311: GLMAP-SL-0308 | B311: 220 | C311: 無印 | D311: 220 | E311: 221 | F311: ドア │勝手口ドア | G311: 220 | H311: P220|無印 | I311: same_page | J311: 同頁凡例へ直接連動 | K311: 202604_LIXIL_サーモスＬ_業務用資料集_完成品価格表.pdf | L311: https://drive.google.com/file/d/1YUN-mtWYs48YBUHJk0C3vJXnhjyZFHyf/view

Sheet 04B_高所用操作条件
A1: 高所用横すべり出し窓 操作条件｜サーモスL v0.6
A2: 手動3方式はサッシH700mm未満に取付不可。チェーン長は床からサッシH下端までの高さで選定。
A3: rule_id | B3: spec_id | C3: 操作方式 | D3: 条件分類 | E3: 下限(mm) | F3: 上限未満(mm) | G3: 選定値 | H3: 判定 | I3: 有効 | J3: 出典 | K3: アプリ動作 | L3: 備考
A4: KOP-SL-001 | B4: SP-SL-KOSHO-HANDLE | C4: オペレーターハンドル | D4: サッシH | E4: 700 | H4: H>=700のみ可 | I4: TRUE | J4: 202604価格表 P254 | K4: H<700で非表示
A5: KOP-SL-002 | B5: SP-SL-KOSHO-SINGLE | C5: シングルループチェーン | D5: サッシH | E5: 700 | H5: H>=700のみ可 | I5: TRUE | J5: P254 | K5: H<700で非表示
A6: KOP-SL-003 | B6: SP-SL-KOSHO-DOUBLE | C6: ダブルループチェーン | D6: サッシH | E6: 700 | H6: H>=700のみ可 | I6: TRUE | J6: P254 | K6: H<700で非表示
A7: KOP-SL-004 | B7: SP-SL-KOSHO-ELECTRIC | C7: 電動ユニット | D7: 環境 | G7: 浴室・高温多湿 | H7: 使用不可 | I7: TRUE | J7: 商品カタログ | K7: 該当環境でERROR
A8: KOP-SL-005 | B8: SP-SL-KOSHO-SINGLE | C8: シングルループチェーン | D8: 床→サッシH下端 | E8: 1450 | F8: 1700 | G8: 1.00m | H8: 範囲一致 | I8: TRUE | J8: 商品カタログ | K8: 取付高さから自動選定
A9: KOP-SL-006 | B9: SP-SL-KOSHO-SINGLE | C9: シングルループチェーン | D9: 床→サッシH下端 | E9: 1700 | F9: 1950 | G9: 1.25m | H9: 範囲一致 | I9: TRUE | J9: 商品カタログ | K9: 取付高さから自動選定
A10: KOP-SL-007 | B10: SP-SL-KOSHO-SINGLE | C10: シングルループチェーン | D10: 床→サッシH下端 | E10: 1950 | F10: 2200 | G10: 1.50m | H10: 範囲一致 | I10: TRUE | J10: 商品カタログ | K10: 取付高さから自動選定
A11: KOP-SL-008 | B11: SP-SL-KOSHO-SINGLE | C11: シングルループチェーン | D11: 床→サッシH下端 | E11: 2200 | F11: 2750 | G11: 1.75m | H11: 範囲一致 | I11: TRUE | J11: 商品カタログ | K11: 取付高さから自動選定
A12: KOP-SL-009 | B12: SP-SL-KOSHO-SINGLE | C12: シングルループチェーン | D12: 床→サッシH下端 | E12: 2750 | F12: 3250 | G12: 2.25m | H12: 範囲一致 | I12: TRUE | J12: 商品カタログ | K12: 取付高さから自動選定
A13: KOP-SL-010 | B13: SP-SL-KOSHO-SINGLE | C13: シングルループチェーン | D13: 床→サッシH下端 | E13: 3250 | F13: 3750 | G13: 2.75m | H13: 範囲一致 | I13: TRUE | J13: 商品カタログ | K13: 取付高さから自動選定
A14: KOP-SL-011 | B14: SP-SL-KOSHO-SINGLE | C14: シングルループチェーン | D14: 床→サッシH下端 | E14: 3750 | F14: 4300 | G14: 3.25m | H14: 範囲一致 | I14: TRUE | J14: 商品カタログ | K14: 取付高さから自動選定
A15: KOP-SL-012 | B15: SP-SL-KOSHO-SINGLE | C15: シングルループチェーン | D15: 床→サッシH下端 | E15: 4300 | F15: 4800 | G15: 3.75m | H15: 範囲一致 | I15: TRUE | J15: 商品カタログ | K15: 取付高さから自動選定
A16: KOP-SL-013 | B16: SP-SL-KOSHO-DOUBLE | C16: ダブルループチェーン | D16: 床→サッシH下端 | E16: 1750 | F16: 2150 | G16: 1.25m | H16: 範囲一致 | I16: TRUE | J16: 商品カタログ | K16: 取付高さから自動選定 | L16: 斜め操作約20°以上はシングル/電動推奨
A17: KOP-SL-014 | B17: SP-SL-KOSHO-DOUBLE | C17: ダブルループチェーン | D17: 床→サッシH下端 | E17: 2150 | F17: 2650 | G17: 1.75m | H17: 範囲一致 | I17: TRUE | J17: 商品カタログ | K17: 取付高さから自動選定 | L17: 斜め操作約20°以上はシングル/電動推奨
A18: KOP-SL-015 | B18: SP-SL-KOSHO-DOUBLE | C18: ダブルループチェーン | D18: 床→サッシH下端 | E18: 2650 | F18: 3150 | G18: 2.25m | H18: 範囲一致 | I18: TRUE | J18: 商品カタログ | K18: 取付高さから自動選定 | L18: 斜め操作約20°以上はシングル/電動推奨
A19: KOP-SL-016 | B19: SP-SL-KOSHO-DOUBLE | C19: ダブルループチェーン | D19: 床→サッシH下端 | E19: 3150 | F19: 3650 | G19: 2.75m | H19: 範囲一致 | I19: TRUE | J19: 商品カタログ | K19: 取付高さから自動選定 | L19: 斜め操作約20°以上はシングル/電動推奨
A20: KOP-SL-017 | B20: SP-SL-KOSHO-DOUBLE | C20: ダブルループチェーン | D20: 床→サッシH下端 | E20: 3650 | F20: 4150 | G20: 3.25m | H20: 範囲一致 | I20: TRUE | J20: 商品カタログ | K20: 取付高さから自動選定 | L20: 斜め操作約20°以上はシングル/電動推奨
A21: KOP-SL-018 | B21: SP-SL-KOSHO-DOUBLE | C21: ダブルループチェーン | D21: 床→サッシH下端 | E21: 4150 | F21: 4650 | G21: 3.75m | H21: 範囲一致 | I21: TRUE | J21: 商品カタログ | K21: 取付高さから自動選定 | L21: 斜め操作約20°以上はシングル/電動推奨
A22: KOP-SL-019 | B22: SP-SL-KOSHO-DOUBLE | C22: ダブルループチェーン | D22: 床→サッシH下端 | E22: 4650 | F22: 5150 | G22: 4.25m | H22: 範囲一致 | I22: TRUE | J22: 商品カタログ | K22: 取付高さから自動選定 | L22: 斜め操作約20°以上はシングル/電動推奨
A23: KOP-SL-020 | B23: SP-SL-KOSHO-DOUBLE | C23: ダブルループチェーン | D23: 床→サッシH下端 | E23: 5150 | F23: 5650 | G23: 4.75m | H23: 範囲一致 | I23: TRUE | J23: 商品カタログ | K23: 取付高さから自動選定 | L23: 斜め操作約20°以上はシングル/電動推奨

Sheet 06B_高所用操作サイズ可否
A1: 高所用横すべり出し窓 操作方式×規格サイズ｜サーモスL v0.6
A2: 36規格×4操作方式=144行。手動3方式はH700mm以上のみ、電動は現行規格サイズ全件を候補。
A3: op_size_id | B3: size_id | C3: 呼称 | D3: W(mm) | E3: H(mm) | F3: spec_id | G3: 操作方式 | H3: 設定可 | I3: 判定理由 | J3: 登録状態 | K3: 誌面ページ | L3: 出典 | M3: 一次資料URL | N3: アプリ動作
A4: KOSZ-SL-0001 | B4: SZ-SL-000910 | C4: 069023 | D4: 730 | E4: 300 | F4: SP-SL-KOSHO-HANDLE | G4: オペレーターハンドル | H4: FALSE | I4: H<700：取付不可 | J4: 2026価格表確認済み | K4: 138 | L4: 202604完成品価格表 P138-141/P254 | M4: https://drive.google.com/file/d/1YUN-mtWYs48YBUHJk0C3vJXnhjyZFHyf/view | N4: 非表示
A5: KOSZ-SL-0002 | B5: SZ-SL-000910 | C5: 069023 | D5: 730 | E5: 300 | F5: SP-SL-KOSHO-SINGLE | G5: シングルループチェーン | H5: FALSE | I5: H<700：取付不可 | J5: 2026価格表確認済み | K5: 138 | L5: 202604完成品価格表 P138-141/P254 | M5: https://drive.google.com/file/d/1YUN-mtWYs48YBUHJk0C3vJXnhjyZFHyf/view | N5: 非表示
A6: KOSZ-SL-0003 | B6: SZ-SL-000910 | C6: 069023 | D6: 730 | E6: 300 | F6: SP-SL-KOSHO-DOUBLE | G6: ダブルループチェーン | H6: FALSE | I6: H<700：取付不可 | J6: 2026価格表確認済み | K6: 138 | L6: 202604完成品価格表 P138-141/P254 | M6: https://drive.google.com/file/d/1YUN-mtWYs48YBUHJk0C3vJXnhjyZFHyf/view | N6: 非表示
A7: KOSZ-SL-0004 | B7: SZ-SL-000910 | C7: 069023 | D7: 730 | E7: 300 | F7: SP-SL-KOSHO-ELECTRIC | G7: 電動ユニット | H7: TRUE | I7: 現行規格サイズ・電動候補 | J7: 2026価格表確認済み | K7: 138 | L7: 202604完成品価格表 P138-141/P254 | M7: https://drive.google.com/file/d/1YUN-mtWYs48YBUHJk0C3vJXnhjyZFHyf/view | N7: 候補表示
A8: KOSZ-SL-0005 | B8: SZ-SL-000911 | C8: 069028 | D8: 730 | E8: 350 | F8: SP-SL-KOSHO-HANDLE | G8: オペレーターハンドル | H8: FALSE | I8: H<700：取付不可 | J8: 2026価格表確認済み | K8: 138 | L8: 202604完成品価格表 P138-141/P254 | M8: https://drive.google.com/file/d/1YUN-mtWYs48YBUHJk0C3vJXnhjyZFHyf/view | N8: 非表示
A9: KOSZ-SL-0006 | B9: SZ-SL-000911 | C9: 069028 | D9: 730 | E9: 350 | F9: SP-SL-KOSHO-SINGLE | G9: シングルループチェーン | H9: FALSE | I9: H<700：取付不可 | J9: 2026価格表確認済み | K9: 138 | L9: 202604完成品価格表 P138-141/P254 | M9: https://drive.google.com/file/d/1YUN-mtWYs48YBUHJk0C3vJXnhjyZFHyf/view | N9: 非表示
A10: KOSZ-SL-0007 | B10: SZ-SL-000911 | C10: 069028 | D10: 730 | E10: 350 | F10: SP-SL-KOSHO-DOUBLE | G10: ダブルループチェーン | H10: FALSE | I10: H<700：取付不可 | J10: 2026価格表確認済み | K10: 138 | L10: 202604完成品価格表 P138-141/P254 | M10: https://drive.google.com/file/d/1YUN-mtWYs48YBUHJk0C3vJXnhjyZFHyf/view | N10: 非表示
A11: KOSZ-SL-0008 | B11: SZ-SL-000911 | C11: 069028 | D11: 730 | E11: 350 | F11: SP-SL-KOSHO-ELECTRIC | G11: 電動ユニット | H11: TRUE | I11: 現行規格サイズ・電動候補 | J11: 2026価格表確認済み | K11: 138 | L11: 202604完成品価格表 P138-141/P254 | M11: https://drive.google.com/file/d/1YUN-mtWYs48YBUHJk0C3vJXnhjyZFHyf/view | N11: 候補表示
A12: KOSZ-SL-0009 | B12: SZ-SL-000912 | C12: 06903 | D12: 730 | E12: 370 | F12: SP-SL-KOSHO-HANDLE | G12: オペレーターハンドル | H12: FALSE | I12: H<700：取付不可 | J12: 2026価格表確認済み | K12: 138 | L12: 202604完成品価格表 P138-141/P254 | M12: https://drive.google.com/file/d/1YUN-mtWYs48YBUHJk0C3vJXnhjyZFHyf/view | N12: 非表示
A13: KOSZ-SL-0010 | B13: SZ-SL-000912 | C13: 06903 | D13: 730 | E13: 370 | F13: SP-SL-KOSHO-SINGLE | G13: シングルループチェーン | H13: FALSE | I13: H<700：取付不可 | J13: 2026価格表確認済み | K13: 138 | L13: 202604完成品価格表 P138-141/P254 | M13: https://drive.google.com/file/d/1YUN-mtWYs48YBUHJk0C3vJXnhjyZFHyf/view | N13: 非表示
A14: KOSZ-SL-0011 | B14: SZ-SL-000912 | C14: 06903 | D14: 730 | E14: 370 | F14: SP-SL-KOSHO-DOUBLE | G14: ダブルループチェーン | H14: FALSE | I14: H<700：取付不可 | J14: 2026価格表確認済み | K14: 138 | L14: 202604完成品価格表 P138-141/P254 | M14: https://drive.google.com/file/d/1YUN-mtWYs48YBUHJk0C3vJXnhjyZFHyf/view | N14: 非表示
A15: KOSZ-SL-0012 | B15: SZ-SL-000912 | C15: 06903 | D15: 730 | E15: 370 | F15: SP-SL-KOSHO-ELECTRIC | G15: 電動ユニット | H15: TRUE | I15: 現行規格サイズ・電動候補 | J15: 2026価格表確認済み | K15: 138 | L15: 202604完成品価格表 P138-141/P254 | M15: https://drive.google.com/file/d/1YUN-mtWYs48YBUHJk0C3vJXnhjyZFHyf/view | N15: 候補表示
... A147: KOSZ-SL-0144 | B147: SZ-SL-000945 | C147: 07409 | D147: 780 | E147: 970 | F147: SP-SL-KOSHO-ELECTRIC | G147: 電動ユニット | H147: TRUE | I147: 現行規格サイズ・電動候補 | J147: 2026価格表確認済み | K147: 140 | L147: 202604完成品価格表 P138-141/P254 | M147: https://drive.google.com/file/d/1YUN-mtWYs48YBUHJk0C3vJXnhjyZFHyf/view | N147: 候補表示

Sheet 09D_網戸ネット設定可否
A1: 網戸形式×ネット種類 設定可否｜サーモスL v0.6
A2: 引違いタイプ群は標準/きれい/虫イヤ/ペット、ロールタイプ群は標準/きれい/虫イヤ（ペットなし）。
A3: netrel_id | B3: 網戸形式 | C3: ネット種類 | D3: タイプ群 | E3: 設定可否 | F3: 標準/特注 | G3: W条件 | H3: H条件 | I3: 登録状態 | J3: アプリ動作 | K3: 出典 | L3: 一次資料URL | M3: 備考
A4: NETREL-SL-001 | B4: 引違い網戸 | C4: 標準ネット | D4: 引違いタイプ | E4: 可 | F4: 標準設定 | G4: 制限記載なし | H4: H>=1370mmは中桟付 | I4: カタログ確認済み | J4: 候補表示 | K4: 商品カタログ P278-281 | L4: https://webcatalog.lixil.co.jp/iportal/CatalogDetail.do?catalogID=15191910000&categoryID=1630000&designID=newinter&method=initial_screen&position=18&type=mc&volumeID=LXL13001
A5: NETREL-SL-002 | B5: 引違い網戸 | C5: きれいネット | D5: 引違いタイプ | E5: 可 | F5: 標準設定 | G5: 制限記載なし | H5: H>=1370mmは中桟付 | I5: カタログ確認済み | J5: 候補表示 | K5: 商品カタログ P278-281 | L5: https://webcatalog.lixil.co.jp/iportal/CatalogDetail.do?catalogID=15191910000&categoryID=1630000&designID=newinter&method=initial_screen&position=18&type=mc&volumeID=LXL13001
A6: NETREL-SL-003 | B6: 引違い網戸 | C6: 虫イヤネット | D6: 引違いタイプ | E6: 可 | F6: 特注対応 | G6: 制限記載なし | H6: H>=1370mmは中桟付 | I6: カタログ確認済み | J6: 候補表示 | K6: 商品カタログ P278-281 | L6: https://webcatalog.lixil.co.jp/iportal/CatalogDetail.do?catalogID=15191910000&categoryID=1630000&designID=newinter&method=initial_screen&position=18&type=mc&volumeID=LXL13001
A7: NETREL-SL-004 | B7: 引違い網戸 | C7: ペットネット | D7: 引違いタイプ | E7: 可 | F7: 特注対応 | G7: W<=780mm | H7: H>=1370mmは中桟付 | I7: カタログ確認済み | J7: 候補表示 | K7: 商品カタログ P278-281 | L7: https://webcatalog.lixil.co.jp/iportal/CatalogDetail.do?catalogID=15191910000&categoryID=1630000&designID=newinter&method=initial_screen&position=18&type=mc&volumeID=LXL13001 | M7: ペットはW>780mm製作不可
A8: NETREL-SL-005 | B8: 上げ下げ式網戸 | C8: 標準ネット | D8: 引違いタイプ | E8: 可 | F8: 標準設定 | G8: 制限記載なし | H8: 形式別規格表 | I8: カタログ確認済み | J8: 候補表示 | K8: 商品カタログ P278-281 | L8: https://webcatalog.lixil.co.jp/iportal/CatalogDetail.do?catalogID=15191910000&categoryID=1630000&designID=newinter&method=initial_screen&position=18&type=mc&volumeID=LXL13001
A9: NETREL-SL-006 | B9: 上げ下げ式網戸 | C9: きれいネット | D9: 引違いタイプ | E9: 可 | F9: 標準設定 | G9: 制限記載なし | H9: 形式別規格表 | I9: カタログ確認済み | J9: 候補表示 | K9: 商品カタログ P278-281 | L9: https://webcatalog.lixil.co.jp/iportal/CatalogDetail.do?catalogID=15191910000&categoryID=1630000&designID=newinter&method=initial_screen&position=18&type=mc&volumeID=LXL13001
A10: NETREL-SL-007 | B10: 上げ下げ式網戸 | C10: 虫イヤネット | D10: 引違いタイプ | E10: 可 | F10: 特注対応 | G10: 制限記載なし | H10: 形式別規格表 | I10: カタログ確認済み | J10: 候補表示 | K10: 商品カタログ P278-281 | L10: https://webcatalog.lixil.co.jp/iportal/CatalogDetail.do?catalogID=15191910000&categoryID=1630000&designID=newinter&method=initial_screen&position=18&type=mc&volumeID=LXL13001
A11: NETREL-SL-008 | B11: 上げ下げ式網戸 | C11: ペットネット | D11: 引違いタイプ | E11: 可 | F11: 特注対応 | G11: W<=780mm | H11: 形式別規格表 | I11: カタログ確認済み | J11: 候補表示 | K11: 商品カタログ P278-281 | L11: https://webcatalog.lixil.co.jp/iportal/CatalogDetail.do?catalogID=15191910000&categoryID=1630000&designID=newinter&method=initial_screen&position=18&type=mc&volumeID=LXL13001 | M11: ペットはW>780mm製作不可
A12: NETREL-SL-009 | B12: 固定式網戸（フレーム付） | C12: 標準ネット | D12: 引違いタイプ | E12: 可 | F12: 標準設定 | G12: 制限記載なし | H12: 形式別規格表 | I12: カタログ確認済み | J12: 候補表示 | K12: 商品カタログ P278-281 | L12: https://webcatalog.lixil.co.jp/iportal/CatalogDetail.do?catalogID=15191910000&categoryID=1630000&designID=newinter&method=initial_screen&position=18&type=mc&volumeID=LXL13001
A13: NETREL-SL-010 | B13: 固定式網戸（フレーム付） | C13: きれいネット | D13: 引違いタイプ | E13: 可 | F13: 標準設定 | G13: 制限記載なし | H13: 形式別規格表 | I13: カタログ確認済み | J13: 候補表示 | K13: 商品カタログ P278-281 | L13: https://webcatalog.lixil.co.jp/iportal/CatalogDetail.do?catalogID=15191910000&categoryID=1630000&designID=newinter&method=initial_screen&position=18&type=mc&volumeID=LXL13001
A14: NETREL-SL-011 | B14: 固定式網戸（フレーム付） | C14: 虫イヤネット | D14: 引違いタイプ | E14: 可 | F14: 特注対応 | G14: 制限記載なし | H14: 形式別規格表 | I14: カタログ確認済み | J14: 候補表示 | K14: 商品カタログ P278-281 | L14: https://webcatalog.lixil.co.jp/iportal/CatalogDetail.do?catalogID=15191910000&categoryID=1630000&designID=newinter&method=initial_screen&position=18&type=mc&volumeID=LXL13001
A15: NETREL-SL-012 | B15: 固定式網戸（フレーム付） | C15: ペットネット | D15: 引違いタイプ | E15: 可 | F15: 特注対応 | G15: W<=780mm | H15: 形式別規格表 | I15: カタログ確認済み | J15: 候補表示 | K15: 商品カタログ P278-281 | L15: https://webcatalog.lixil.co.jp/iportal/CatalogDetail.do?catalogID=15191910000&categoryID=1630000&designID=newinter&method=initial_screen&position=18&type=mc&volumeID=LXL13001 | M15: ペットはW>780mm製作不可
A16: NETREL-SL-013 | B16: 固定式網戸（内倒し窓用） | C16: 標準ネット | D16: 引違いタイプ | E16: 可 | F16: 標準設定 | G16: 制限記載なし | H16: 形式別規格表 | I16: カタログ確認済み | J16: 候補表示 | K16: 商品カタログ P278-281 | L16: https://webcatalog.lixil.co.jp/iportal/CatalogDetail.do?catalogID=15191910000&categoryID=1630000&designID=newinter&method=initial_screen&position=18&type=mc&volumeID=LXL13001
A17: NETREL-SL-014 | B17: 固定式網戸（内倒し窓用） | C17: きれいネット | D17: 引違いタイプ | E17: 可 | F17: 標準設定 | G17: 制限記載なし | H17: 形式別規格表 | I17: カタログ確認済み | J17: 候補表示 | K17: 商品カタログ P278-281 | L17: https://webcatalog.lixil.co.jp/iportal/CatalogDetail.do?catalogID=15191910000&categoryID=1630000&designID=newinter&method=initial_screen&position=18&type=mc&volumeID=LXL13001
A18: NETREL-SL-015 | B18: 固定式網戸（内倒し窓用） | C18: 虫イヤネット | D18: 引違いタイプ | E18: 可 | F18: 特注対応 | G18: 制限記載なし | H18: 形式別規格表 | I18: カタログ確認済み | J18: 候補表示 | K18: 商品カタログ P278-281 | L18: https://webcatalog.lixil.co.jp/iportal/CatalogDetail.do?catalogID=15191910000&categoryID=1630000&designID=newinter&method=initial_screen&position=18&type=mc&volumeID=LXL13001
A19: NETREL-SL-016 | B19: 固定式網戸（内倒し窓用） | C19: ペットネット | D19: 引違いタイプ | E19: 可 | F19: 特注対応 | G19: W<=780mm | H19: 形式別規格表 | I19: カタログ確認済み | J19: 候補表示 | K19: 商品カタログ P278-281 | L19: https://webcatalog.lixil.co.jp/iportal/CatalogDetail.do?catalogID=15191910000&categoryID=1630000&designID=newinter&method=initial_screen&position=18&type=mc&volumeID=LXL13001 | M19: ペットはW>780mm製作不可
A20: NETREL-SL-017 | B20: 開き網戸 | C20: 標準ネット | D20: 引違いタイプ | E20: 可 | F20: 標準設定 | G20: 制限記載なし | H20: H>=1370mmは中桟付 | I20: カタログ確認済み | J20: 候補表示 | K20: 商品カタログ P278-281 | L20: https://webcatalog.lixil.co.jp/iportal/CatalogDetail.do?catalogID=15191910000&categoryID=1630000&designID=newinter&method=initial_screen&position=18&type=mc&volumeID=LXL13001
A21: NETREL-SL-018 | B21: 開き網戸 | C21: きれいネット | D21: 引違いタイプ | E21: 可 | F21: 標準設定 | G21: 制限記載なし | H21: H>=1370mmは中桟付 | I21: カタログ確認済み | J21: 候補表示 | K21: 商品カタログ P278-281 | L21: https://webcatalog.lixil.co.jp/iportal/CatalogDetail.do?catalogID=15191910000&categoryID=1630000&designID=newinter&method=initial_screen&position=18&type=mc&volumeID=LXL13001
A22: NETREL-SL-019 | B22: 開き網戸 | C22: 虫イヤネット | D22: 引違いタイプ | E22: 可 | F22: 特注対応 | G22: 制限記載なし | H22: H>=1370mmは中桟付 | I22: カタログ確認済み | J22: 候補表示 | K22: 商品カタログ P278-281 | L22: https://webcatalog.lixil.co.jp/iportal/CatalogDetail.do?catalogID=15191910000&categoryID=1630000&designID=newinter&method=initial_screen&position=18&type=mc&volumeID=LXL13001
A23: NETREL-SL-020 | B23: 開き網戸 | C23: ペットネット | D23: 引違いタイプ | E23: 可 | F23: 特注対応 | G23: W<=780mm | H23: H>=1370mmは中桟付 | I23: カタログ確認済み | J23: 候補表示 | K23: 商品カタログ P278-281 | L23: https://webcatalog.lixil.co.jp/iportal/CatalogDetail.do?catalogID=15191910000&categoryID=1630000&designID=newinter&method=initial_screen&position=18&type=mc&volumeID=LXL13001 | M23: ペットはW>780mm製作不可
A24: NETREL-SL-021 | B24: 網付格子 | C24: 標準ネット | D24: 引違いタイプ | E24: 可 | F24: 標準設定 | G24: 制限記載なし | H24: 形式別規格表 | I24: カタログ確認済み | J24: 候補表示 | K24: 商品カタログ P278-281 | L24: https://webcatalog.lixil.co.jp/iportal/CatalogDetail.do?catalogID=15191910000&categoryID=1630000&designID=newinter&method=initial_screen&position=18&type=mc&volumeID=LXL13001
A25: NETREL-SL-022 | B25: 網付格子 | C25: きれいネット | D25: 引違いタイプ | E25: 可 | F25: 標準設定 | G25: 制限記載なし | H25: 形式別規格表 | I25: カタログ確認済み | J25: 候補表示 | K25: 商品カタログ P278-281 | L25: https://webcatalog.lixil.co.jp/iportal/CatalogDetail.do?catalogID=15191910000&categoryID=1630000&designID=newinter&method=initial_screen&position=18&type=mc&volumeID=LXL13001
A26: NETREL-SL-023 | B26: 網付格子 | C26: 虫イヤネット | D26: 引違いタイプ | E26: 可 | F26: 特注対応 | G26: 制限記載なし | H26: 形式別規格表 | I26: カタログ確認済み | J26: 候補表示 | K26: 商品カタログ P278-281 | L26: https://webcatalog.lixil.co.jp/iportal/CatalogDetail.do?catalogID=15191910000&categoryID=1630000&designID=newinter&method=initial_screen&position=18&type=mc&volumeID=LXL13001
A27: NETREL-SL-024 | B27: 網付格子 | C27: ペットネット | D27: 引違いタイプ | E27: 可 | F27: 特注対応 | G27: W<=780mm | H27: 形式別規格表 | I27: カタログ確認済み | J27: 候補表示 | K27: 商品カタログ P278-281 | L27: https://webcatalog.lixil.co.jp/iportal/CatalogDetail.do?catalogID=15191910000&categoryID=1630000&designID=newinter&method=initial_screen&position=18&type=mc&volumeID=LXL13001 | M27: ペットはW>780mm製作不可
A28: NETREL-SL-025 | B28: 横引きロール網戸 | C28: 標準ネット | D28: ロールタイプ | E28: 可 | F28: 標準設定 | G28: 制限記載なし | H28: 形式別規格表 | I28: カタログ確認済み | J28: 候補表示 | K28: 商品カタログ P278-281 | L28: https://webcatalog.lixil.co.jp/iportal/CatalogDetail.do?catalogID=15191910000&categoryID=1630000&designID=newinter&method=initial_screen&position=18&type=mc&volumeID=LXL13001
A29: NETREL-SL-026 | B29: 横引きロール網戸 | C29: きれいネット | D29: ロールタイプ | E29: 可 | F29: 標準設定 | G29: 制限記載なし | H29: 形式別規格表 | I29: カタログ確認済み | J29: 候補表示 | K29: 商品カタログ P278-281 | L29: https://webcatalog.lixil.co.jp/iportal/CatalogDetail.do?catalogID=15191910000&categoryID=1630000&designID=newinter&method=initial_screen&position=18&type=mc&volumeID=LXL13001
A30: NETREL-SL-027 | B30: 横引きロール網戸 | C30: 虫イヤネット | D30: ロールタイプ | E30: 可 | F30: 特注対応 | G30: 制限記載なし | H30: 形式別規格表 | I30: カタログ確認済み | J30: 候補表示 | K30: 商品カタログ P278-281 | L30: https://webcatalog.lixil.co.jp/iportal/CatalogDetail.do?catalogID=15191910000&categoryID=1630000&designID=newinter&method=initial_screen&position=18&type=mc&volumeID=LXL13001
A31: NETREL-SL-028 | B31: 横引きロール網戸 | C31: ペットネット | D31: ロールタイプ | E31: 不可 | F31: 設定なし | G31: 制限記載なし | H31: 形式別規格表 | I31: カタログ確認済み | J31: 非表示 | K31: 商品カタログ P278-281 | L31: https://webcatalog.lixil.co.jp/iportal/CatalogDetail.do?catalogID=15191910000&categoryID=1630000&designID=newinter&method=initial_screen&position=18&type=mc&volumeID=LXL13001 | M31: ロールタイプにペットネット設定なし
A32: NETREL-SL-029 | B32: 上げ下げロール網戸 | C32: 標準ネット | D32: ロールタイプ | E32: 可 | F32: 標準設定 | G32: 制限記載なし | H32: 形式別規格表 | I32: カタログ確認済み | J32: 候補表示 | K32: 商品カタログ P278-281 | L32: https://webcatalog.lixil.co.jp/iportal/CatalogDetail.do?catalogID=15191910000&categoryID=1630000&designID=newinter&method=initial_screen&position=18&type=mc&volumeID=LXL13001
A33: NETREL-SL-030 | B33: 上げ下げロール網戸 | C33: きれいネット | D33: ロールタイプ | E33: 可 | F33: 標準設定 | G33: 制限記載なし | H33: 形式別規格表 | I33: カタログ確認済み | J33: 候補表示 | K33: 商品カタログ P278-281 | L33: https://webcatalog.lixil.co.jp/iportal/CatalogDetail.do?catalogID=15191910000&categoryID=1630000&designID=newinter&method=initial_screen&position=18&type=mc&volumeID=LXL13001
A34: NETREL-SL-031 | B34: 上げ下げロール網戸 | C34: 虫イヤネット | D34: ロールタイプ | E34: 可 | F34: 特注対応 | G34: 制限記載なし | H34: 形式別規格表 | I34: カタログ確認済み | J34: 候補表示 | K34: 商品カタログ P278-281 | L34: https://webcatalog.lixil.co.jp/iportal/CatalogDetail.do?catalogID=15191910000&categoryID=1630000&designID=newinter&method=initial_screen&position=18&type=mc&volumeID=LXL13001
A35: NETREL-SL-032 | B35: 上げ下げロール網戸 | C35: ペットネット | D35: ロールタイプ | E35: 不可 | F35: 設定なし | G35: 制限記載なし | H35: 形式別規格表 | I35: カタログ確認済み | J35: 非表示 | K35: 商品カタログ P278-281 | L35: https://webcatalog.lixil.co.jp/iportal/CatalogDetail.do?catalogID=15191910000&categoryID=1630000&designID=newinter&method=initial_screen&position=18&type=mc&volumeID=LXL13001 | M35: ロールタイプにペットネット設定なし
A36: NETREL-SL-033 | B36: 固定式網戸（フレームレス） | C36: 標準ネット | D36: ロールタイプ | E36: 可 | F36: 標準設定 | G36: 制限記載なし | H36: 形式別規格表 | I36: カタログ確認済み | J36: 候補表示 | K36: 商品カタログ P278-281 | L36: https://webcatalog.lixil.co.jp/iportal/CatalogDetail.do?catalogID=15191910000&categoryID=1630000&designID=newinter&method=initial_screen&position=18&type=mc&volumeID=LXL13001
A37: NETREL-SL-034 | B37: 固定式網戸（フレームレス） | C37: きれいネット | D37: ロールタイプ | E37: 可 | F37: 標準設定 | G37: 制限記載なし | H37: 形式別規格表 | I37: カタログ確認済み | J37: 候補表示 | K37: 商品カタログ P278-281 | L37: https://webcatalog.lixil.co.jp/iportal/CatalogDetail.do?catalogID=15191910000&categoryID=1630000&designID=newinter&method=initial_screen&position=18&type=mc&volumeID=LXL13001
A38: NETREL-SL-035 | B38: 固定式網戸（フレームレス） | C38: 虫イヤネット | D38: ロールタイプ | E38: 可 | F38: 特注対応 | G38: 制限記載なし | H38: 形式別規格表 | I38: カタログ確認済み | J38: 候補表示 | K38: 商品カタログ P278-281 | L38: https://webcatalog.lixil.co.jp/iportal/CatalogDetail.do?catalogID=15191910000&categoryID=1630000&designID=newinter&method=initial_screen&position=18&type=mc&volumeID=LXL13001
A39: NETREL-SL-036 | B39: 固定式網戸（フレームレス） | C39: ペットネット | D39: ロールタイプ | E39: 不可 | F39: 設定なし | G39: 制限記載なし | H39: 形式別規格表 | I39: カタログ確認済み | J39: 非表示 | K39: 商品カタログ P278-281 | L39: https://webcatalog.lixil.co.jp/iportal/CatalogDetail.do?catalogID=15191910000&categoryID=1630000&designID=newinter&method=initial_screen&position=18&type=mc&volumeID=LXL13001 | M39: ロールタイプにペットネット設定なし
A40: NETREL-SL-037 | B40: 固定式網戸（タグ付フレームレス） | C40: 標準ネット | D40: ロールタイプ | E40: 可 | F40: 標準設定 | G40: 制限記載なし | H40: 形式別規格表 | I40: カタログ確認済み | J40: 候補表示 | K40: 商品カタログ P278-281 | L40: https://webcatalog.lixil.co.jp/iportal/CatalogDetail.do?catalogID=15191910000&categoryID=1630000&designID=newinter&method=initial_screen&position=18&type=mc&volumeID=LXL13001
A41: NETREL-SL-038 | B41: 固定式網戸（タグ付フレームレス） | C41: きれいネット | D41: ロールタイプ | E41: 可 | F41: 標準設定 | G41: 制限記載なし | H41: 形式別規格表 | I41: カタログ確認済み | J41: 候補表示 | K41: 商品カタログ P278-281 | L41: https://webcatalog.lixil.co.jp/iportal/CatalogDetail.do?catalogID=15191910000&categoryID=1630000&designID=newinter&method=initial_screen&position=18&type=mc&volumeID=LXL13001
A42: NETREL-SL-039 | B42: 固定式網戸（タグ付フレームレス） | C42: 虫イヤネット | D42: ロールタイプ | E42: 可 | F42: 特注対応 | G42: 制限記載なし | H42: 形式別規格表 | I42: カタログ確認済み | J42: 候補表示 | K42: 商品カタログ P278-281 | L42: https://webcatalog.lixil.co.jp/iportal/CatalogDetail.do?catalogID=15191910000&categoryID=1630000&designID=newinter&method=initial_screen&position=18&type=mc&volumeID=LXL13001
A43: NETREL-SL-040 | B43: 固定式網戸（タグ付フレームレス） | C43: ペットネット | D43: ロールタイプ | E43: 不可 | F43: 設定なし | G43: 制限記載なし | H43: 形式別規格表 | I43: カタログ確認済み | J43: 非表示 | K43: 商品カタログ P278-281 | L43: https://webcatalog.lixil.co.jp/iportal/CatalogDetail.do?catalogID=15191910000&categoryID=1630000&designID=newinter&method=initial_screen&position=18&type=mc&volumeID=LXL13001 | M43: ロールタイプにペットネット設定なし
A44: NETREL-SL-041 | B44: しまえるんですJ | C44: 専用ネット | D44: 専用 | E44: 可 | F44: 専用品 | G44: P287規格 | H44: P287規格 | I44: 2026価格表確認済み | J44: 形式選択時に固定 | K44: 202604完成品価格表 P287 | L44: https://drive.google.com/file/d/1YUN-mtWYs48YBUHJk0C3vJXnhjyZFHyf/view | M44: 機能性ネット4種の選択対象外

Sheet 08F_上げ下げ障子重量
A1: 上げ下げ窓FS 障子重量・バランサー判定｜サーモスL v0.6
A2: 現行有効99 size_id × 基本ガラス9構成 = 891判定。障子重量1.4～13kg、H区分別バランサーを数式判定。
A3: weight_id | B3: size_id | C3: 窓種ID | D3: 固有仕様ID | E3: 呼称 | F3: W(m) | G3: H(m) | H3: glass_id | I3: ガラス総厚(mm) | J3: 係数HW | K3: 係数H | L3: 係数W | M3: 定数 | N3: 計算障子重量(kg) | O3: 重量範囲OK | P3: バランサーコード | Q3: バランサーOK | R3: 清掃アーム | S3: 判定 | T3: 出典 | U3: 一次資料URL | W3: ガラス総厚 | X3: 構成例 | Y3: 係数HW | Z3: 係数H | AA3: 係数W | AB3: 定数 | AC3: 重量下限 | AD3: 重量上限 | AE3: 出典
A4: WG-SL-00001 | B4: SZ-SL-000946 | C4: WT-SL-AGE-SAGE-FS | E4: 02607 | F4: 0.3 | G4: 0.77 | H4: GL-SL-001 | I4: 6 | J4: 7.8 | K4: -0.355 | L4: -0.664 | M4: 0.335 | N4: =ROUND(J4*F4*G4+K4*G4+L4*F4+M4,3) | O4: =AND(N4>=1.4,N4<=13) | P4: =IF(OR(N4<1.4,N4>13),"",IF(G4*1000<=1170,IF(N4<1.8,"1014",IF(N4<2.9,"1018",IF(N4<3.8,"1029",IF(N4<5,"1038",IF(N4<7,"1050",IF(N4<9,"1070",IF(N4<11,"1090","1110"))))))),IF(G4*1000<=1570,IF(N4<1.8,"",IF(N4<2.9,"2018",IF(N4<3.8,"2029",IF(N4<5,"2038",IF(N4<7,"2050",IF(N4<9,"2070",IF(N4<11,"2090","2110"))))))),IF(G4*1000<=1700,IF(N4<1.8,"",IF(N4<2.9,"3018",IF(N4<3.8,"3029",IF(N4<5,"3038",IF(N4<7,"3050",IF(N4<9,"3070",IF(N4<11,"3090","3110"))))))),"")))) | Q4: =AND(O4=TRUE,P4<>"") | R4: =IF(G4*1000<750,"なし","あり") | S4: =IF(AND(O4=TRUE,Q4=TRUE),"設定可","BLOCK") | T4: 商品カタログ P194 | U4: https://webcatalog.lixil.co.jp/iportal/CatalogDetail.do?catalogID=15191910000&categoryID=1630000&designID=newinter&method=initial_screen&position=18&type=mc&volumeID=LXL13001 | W4: 6 | X4: 3-A-3 | Y4: 7.8 | Z4: -0.355 | AA4: -0.664 | AB4: 0.335 | AC4: 1.4 | AD4: 13 | AE4: 商品カタログ P194
A5: WG-SL-00002 | B5: SZ-SL-000946 | C5: WT-SL-AGE-SAGE-FS | E5: 02607 | F5: 0.3 | G5: 0.77 | H5: GL-SL-002 | I5: 7 | J5: 9.1 | K5: -0.48 | L5: -0.998 | M5: 0.367 | N5: =ROUND(J5*F5*G5+K5*G5+L5*F5+M5,3) | O5: =AND(N5>=1.4,N5<=13) | P5: =IF(OR(N5<1.4,N5>13),"",IF(G5*1000<=1170,IF(N5<1.8,"1014",IF(N5<2.9,"1018",IF(N5<3.8,"1029",IF(N5<5,"1038",IF(N5<7,"1050",IF(N5<9,"1070",IF(N5<11,"1090","1110"))))))),IF(G5*1000<=1570,IF(N5<1.8,"",IF(N5<2.9,"2018",IF(N5<3.8,"2029",IF(N5<5,"2038",IF(N5<7,"2050",IF(N5<9,"2070",IF(N5<11,"2090","2110"))))))),IF(G5*1000<=1700,IF(N5<1.8,"",IF(N5<2.9,"3018",IF(N5<3.8,"3029",IF(N5<5,"3038",IF(N5<7,"3050",IF(N5<9,"3070",IF(N5<11,"3090","3110"))))))),"")))) | Q5: =AND(O5=TRUE,P5<>"") | R5: =IF(G5*1000<750,"なし","あり") | S5: =IF(AND(O5=TRUE,Q5=TRUE),"設定可","BLOCK") | T5: 商品カタログ P194 | U5: https://webcatalog.lixil.co.jp/iportal/CatalogDetail.do?catalogID=15191910000&categoryID=1630000&designID=newinter&method=initial_screen&position=18&type=mc&volumeID=LXL13001 | W5: 7 | X5: 3-A-4 | Y5: 9.1 | Z5: -0.48 | AA5: -0.998 | AB5: 0.367 | AC5: 1.4 | AD5: 13 | AE5: P194
A6: WG-SL-00003 | B6: SZ-SL-000946 | C6: WT-SL-AGE-SAGE-FS | E6: 02607 | F6: 0.3 | G6: 0.77 | H6: GL-SL-003 | I6: 8 | J6: 10.4 | K6: -0.605 | L6: -1.332 | M6: 0.399 | N6: =ROUND(J6*F6*G6+K6*G6+L6*F6+M6,3) | O6: =AND(N6>=1.4,N6<=13) | P6: =IF(OR(N6<1.4,N6>13),"",IF(G6*1000<=1170,IF(N6<1.8,"1014",IF(N6<2.9,"1018",IF(N6<3.8,"1029",IF(N6<5,"1038",IF(N6<7,"1050",IF(N6<9,"1070",IF(N6<11,"1090","1110"))))))),IF(G6*1000<=1570,IF(N6<1.8,"",IF(N6<2.9,"2018",IF(N6<3.8,"2029",IF(N6<5,"2038",IF(N6<7,"2050",IF(N6<9,"2070",IF(N6<11,"2090","2110"))))))),IF(G6*1000<=1700,IF(N6<1.8,"",IF(N6<2.9,"3018",IF(N6<3.8,"3029",IF(N6<5,"3038",IF(N6<7,"3050",IF(N6<9,"3070",IF(N6<11,"3090","3110"))))))),"")))) | Q6: =AND(O6=TRUE,P6<>"") | R6: =IF(G6*1000<750,"なし","あり") | S6: =IF(AND(O6=TRUE,Q6=TRUE),"設定可","BLOCK") | T6: 商品カタログ P194 | U6: https://webcatalog.lixil.co.jp/iportal/CatalogDetail.do?catalogID=15191910000&categoryID=1630000&designID=newinter&method=initial_screen&position=18&type=mc&volumeID=LXL13001 | W6: 8 | X6: 3-A-5 | Y6: 10.4 | Z6: -0.605 | AA6: -1.332 | AB6: 0.399 | AC6: 1.4 | AD6: 13 | AE6: P194
A7: WG-SL-00004 | B7: SZ-SL-000946 | C7: WT-SL-AGE-SAGE-FS | E7: 02607 | F7: 0.3 | G7: 0.77 | H7: GL-SL-004 | I7: 6 | J7: 7.8 | K7: -0.355 | L7: -0.664 | M7: 0.335 | N7: =ROUND(J7*F7*G7+K7*G7+L7*F7+M7,3) | O7: =AND(N7>=1.4,N7<=13) | P7: =IF(OR(N7<1.4,N7>13),"",IF(G7*1000<=1170,IF(N7<1.8,"1014",IF(N7<2.9,"1018",IF(N7<3.8,"1029",IF(N7<5,"1038",IF(N7<7,"1050",IF(N7<9,"1070",IF(N7<11,"1090","1110"))))))),IF(G7*1000<=1570,IF(N7<1.8,"",IF(N7<2.9,"2018",IF(N7<3.8,"2029",IF(N7<5,"2038",IF(N7<7,"2050",IF(N7<9,"2070",IF(N7<11,"2090","2110"))))))),IF(G7*1000<=1700,IF(N7<1.8,"",IF(N7<2.9,"3018",IF(N7<3.8,"3029",IF(N7<5,"3038",IF(N7<7,"3050",IF(N7<9,"3070",IF(N7<11,"3090","3110"))))))),"")))) | Q7: =AND(O7=TRUE,P7<>"") | R7: =IF(G7*1000<750,"なし","あり") | S7: =IF(AND(O7=TRUE,Q7=TRUE),"設定可","BLOCK") | T7: 商品カタログ P194 | U7: https://webcatalog.lixil.co.jp/iportal/CatalogDetail.do?catalogID=15191910000&categoryID=1630000&designID=newinter&method=initial_screen&position=18&type=mc&volumeID=LXL13001 | W7: 9 | X7: 4-A-5 | Y7: 11.7 | Z7: -0.73 | AA7: -1.666 | AB7: 0.431 | AC7: 1.4 | AD7: 13 | AE7: P194
A8: WG-SL-00005 | B8: SZ-SL-000946 | C8: WT-SL-AGE-SAGE-FS | E8: 02607 | F8: 0.3 | G8: 0.77 | H8: GL-SL-005 | I8: 7 | J8: 9.1 | K8: -0.48 | L8: -0.998 | M8: 0.367 | N8: =ROUND(J8*F8*G8+K8*G8+L8*F8+M8,3) | O8: =AND(N8>=1.4,N8<=13) | P8: =IF(OR(N8<1.4,N8>13),"",IF(G8*1000<=1170,IF(N8<1.8,"1014",IF(N8<2.9,"1018",IF(N8<3.8,"1029",IF(N8<5,"1038",IF(N8<7,"1050",IF(N8<9,"1070",IF(N8<11,"1090","1110"))))))),IF(G8*1000<=1570,IF(N8<1.8,"",IF(N8<2.9,"2018",IF(N8<3.8,"2029",IF(N8<5,"2038",IF(N8<7,"2050",IF(N8<9,"2070",IF(N8<11,"2090","2110"))))))),IF(G8*1000<=1700,IF(N8<1.8,"",IF(N8<2.9,"3018",IF(N8<3.8,"3029",IF(N8<5,"3038",IF(N8<7,"3050",IF(N8<9,"3070",IF(N8<11,"3090","3110"))))))),"")))) | Q8: =AND(O8=TRUE,P8<>"") | R8: =IF(G8*1000<750,"なし","あり") | S8: =IF(AND(O8=TRUE,Q8=TRUE),"設定可","BLOCK") | T8: 商品カタログ P194 | U8: https://webcatalog.lixil.co.jp/iportal/CatalogDetail.do?catalogID=15191910000&categoryID=1630000&designID=newinter&method=initial_screen&position=18&type=mc&volumeID=LXL13001 | W8: 9.8 | X8: 3-A-6.8 | Y8: 12.74 | Z8: -0.83 | AA8: -1.933 | AB8: 0.457 | AC8: 1.4 | AD8: 13 | AE8: P194
A9: WG-SL-00006 | B9: SZ-SL-000946 | C9: WT-SL-AGE-SAGE-FS | E9: 02607 | F9: 0.3 | G9: 0.77 | H9: GL-SL-006 | I9: 8 | J9: 10.4 | K9: -0.605 | L9: -1.332 | M9: 0.399 | N9: =ROUND(J9*F9*G9+K9*G9+L9*F9+M9,3) | O9: =AND(N9>=1.4,N9<=13) | P9: =IF(OR(N9<1.4,N9>13),"",IF(G9*1000<=1170,IF(N9<1.8,"1014",IF(N9<2.9,"1018",IF(N9<3.8,"1029",IF(N9<5,"1038",IF(N9<7,"1050",IF(N9<9,"1070",IF(N9<11,"1090","1110"))))))),IF(G9*1000<=1570,IF(N9<1.8,"",IF(N9<2.9,"2018",IF(N9<3.8,"2029",IF(N9<5,"2038",IF(N9<7,"2050",IF(N9<9,"2070",IF(N9<11,"2090","2110"))))))),IF(G9*1000<=1700,IF(N9<1.8,"",IF(N9<2.9,"3018",IF(N9<3.8,"3029",IF(N9<5,"3038",IF(N9<7,"3050",IF(N9<9,"3070",IF(N9<11,"3090","3110"))))))),"")))) | Q9: =AND(O9=TRUE,P9<>"") | R9: =IF(G9*1000<750,"なし","あり") | S9: =IF(AND(O9=TRUE,Q9=TRUE),"設定可","BLOCK") | T9: 商品カタログ P194 | U9: https://webcatalog.lixil.co.jp/iportal/CatalogDetail.do?catalogID=15191910000&categoryID=1630000&designID=newinter&method=initial_screen&position=18&type=mc&volumeID=LXL13001 | W9: 11 | X9: 5-A-6 | Y9: 14.3 | Z9: -0.98 | AA9: -2.334 | AB9: 0.495 | AC9: 1.4 | AD9: 13 | AE9: P194
A10: WG-SL-00007 | B10: SZ-SL-000946 | C10: WT-SL-AGE-SAGE-FS | E10: 02607 | F10: 0.3 | G10: 0.77 | H10: GL-SL-007 | I10: 6 | J10: 7.8 | K10: -0.355 | L10: -0.664 | M10: 0.335 | N10: =ROUND(J10*F10*G10+K10*G10+L10*F10+M10,3) | O10: =AND(N10>=1.4,N10<=13) | P10: =IF(OR(N10<1.4,N10>13),"",IF(G10*1000<=1170,IF(N10<1.8,"1014",IF(N10<2.9,"1018",IF(N10<3.8,"1029",IF(N10<5,"1038",IF(N10<7,"1050",IF(N10<9,"1070",IF(N10<11,"1090","1110"))))))),IF(G10*1000<=1570,IF(N10<1.8,"",IF(N10<2.9,"2018",IF(N10<3.8,"2029",IF(N10<5,"2038",IF(N10<7,"2050",IF(N10<9,"2070",IF(N10<11,"2090","2110"))))))),IF(G10*1000<=1700,IF(N10<1.8,"",IF(N10<2.9,"3018",IF(N10<3.8,"3029",IF(N10<5,"3038",IF(N10<7,"3050",IF(N10<9,"3070",IF(N10<11,"3090","3110"))))))),"")))) | Q10: =AND(O10=TRUE,P10<>"") | R10: =IF(G10*1000<750,"なし","あり") | S10: =IF(AND(O10=TRUE,Q10=TRUE),"設定可","BLOCK") | T10: 商品カタログ P194 | U10: https://webcatalog.lixil.co.jp/iportal/CatalogDetail.do?catalogID=15191910000&categoryID=1630000&designID=newinter&method=initial_screen&position=18&type=mc&volumeID=LXL13001 | W10: 12 | X10: 6-A-6 | Y10: 15.6 | Z10: -1.105 | AA10: -2.668 | AB10: 0.527 | AC10: 1.4 | AD10: 13 | AE10: P194
A11: WG-SL-00008 | B11: SZ-SL-000946 | C11: WT-SL-AGE-SAGE-FS | E11: 02607 | F11: 0.3 | G11: 0.77 | H11: GL-SL-008 | I11: 7 | J11: 9.1 | K11: -0.48 | L11: -0.998 | M11: 0.367 | N11: =ROUND(J11*F11*G11+K11*G11+L11*F11+M11,3) | O11: =AND(N11>=1.4,N11<=13) | P11: =IF(OR(N11<1.4,N11>13),"",IF(G11*1000<=1170,IF(N11<1.8,"1014",IF(N11<2.9,"1018",IF(N11<3.8,"1029",IF(N11<5,"1038",IF(N11<7,"1050",IF(N11<9,"1070",IF(N11<11,"1090","1110"))))))),IF(G11*1000<=1570,IF(N11<1.8,"",IF(N11<2.9,"2018",IF(N11<3.8,"2029",IF(N11<5,"2038",IF(N11<7,"2050",IF(N11<9,"2070",IF(N11<11,"2090","2110"))))))),IF(G11*1000<=1700,IF(N11<1.8,"",IF(N11<2.9,"3018",IF(N11<3.8,"3029",IF(N11<5,"3038",IF(N11<7,"3050",IF(N11<9,"3070",IF(N11<11,"3090","3110"))))))),"")))) | Q11: =AND(O11=TRUE,P11<>"") | R11: =IF(G11*1000<750,"なし","あり") | S11: =IF(AND(O11=TRUE,Q11=TRUE),"設定可","BLOCK") | T11: 商品カタログ P194 | U11: https://webcatalog.lixil.co.jp/iportal/CatalogDetail.do?catalogID=15191910000&categoryID=1630000&designID=newinter&method=initial_screen&position=18&type=mc&volumeID=LXL13001 | W11: 12.8 | X11: 6-A-6.8 | Y11: 16.64 | Z11: -1.205 | AA11: -2.935 | AB11: 0.553 | AC11: 1.4 | AD11: 13 | AE11: P194
A12: WG-SL-00009 | B12: SZ-SL-000946 | C12: WT-SL-AGE-SAGE-FS | E12: 02607 | F12: 0.3 | G12: 0.77 | H12: GL-SL-009 | I12: 8 | J12: 10.4 | K12: -0.605 | L12: -1.332 | M12: 0.399 | N12: =ROUND(J12*F12*G12+K12*G12+L12*F12+M12,3) | O12: =AND(N12>=1.4,N12<=13) | P12: =IF(OR(N12<1.4,N12>13),"",IF(G12*1000<=1170,IF(N12<1.8,"1014",IF(N12<2.9,"1018",IF(N12<3.8,"1029",IF(N12<5,"1038",IF(N12<7,"1050",IF(N12<9,"1070",IF(N12<11,"1090","1110"))))))),IF(G12*1000<=1570,IF(N12<1.8,"",IF(N12<2.9,"2018",IF(N12<3.8,"2029",IF(N12<5,"2038",IF(N12<7,"2050",IF(N12<9,"2070",IF(N12<11,"2090","2110"))))))),IF(G12*1000<=1700,IF(N12<1.8,"",IF(N12<2.9,"3018",IF(N12<3.8,"3029",IF(N12<5,"3038",IF(N12<7,"3050",IF(N12<9,"3070",IF(N12<11,"3090","3110"))))))),"")))) | Q12: =AND(O12=TRUE,P12<>"") | R12: =IF(G12*1000<750,"なし","あり") | S12: =IF(AND(O12=TRUE,Q12=TRUE),"設定可","BLOCK") | T12: 商品カタログ P194 | U12: https://webcatalog.lixil.co.jp/iportal/CatalogDetail.do?catalogID=15191910000&categoryID=1630000&designID=newinter&method=initial_screen&position=18&type=mc&volumeID=LXL13001
A13: WG-SL-00010 | B13: SZ-SL-000947 | C13: WT-SL-AGE-SAGE-FS | E13: 02609 | F13: 0.3 | G13: 0.97 | H13: GL-SL-001 | I13: 6 | J13: 7.8 | K13: -0.355 | L13: -0.664 | M13: 0.335 | N13: =ROUND(J13*F13*G13+K13*G13+L13*F13+M13,3) | O13: =AND(N13>=1.4,N13<=13) | P13: =IF(OR(N13<1.4,N13>13),"",IF(G13*1000<=1170,IF(N13<1.8,"1014",IF(N13<2.9,"1018",IF(N13<3.8,"1029",IF(N13<5,"1038",IF(N13<7,"1050",IF(N13<9,"1070",IF(N13<11,"1090","1110"))))))),IF(G13*1000<=1570,IF(N13<1.8,"",IF(N13<2.9,"2018",IF(N13<3.8,"2029",IF(N13<5,"2038",IF(N13<7,"2050",IF(N13<9,"2070",IF(N13<11,"2090","2110"))))))),IF(G13*1000<=1700,IF(N13<1.8,"",IF(N13<2.9,"3018",IF(N13<3.8,"3029",IF(N13<5,"3038",IF(N13<7,"3050",IF(N13<9,"3070",IF(N13<11,"3090","3110"))))))),"")))) | Q13: =AND(O13=TRUE,P13<>"") | R13: =IF(G13*1000<750,"なし","あり") | S13: =IF(AND(O13=TRUE,Q13=TRUE),"設定可","BLOCK") | T13: 商品カタログ P194 | U13: https://webcatalog.lixil.co.jp/iportal/CatalogDetail.do?catalogID=15191910000&categoryID=1630000&designID=newinter&method=initial_screen&position=18&type=mc&volumeID=LXL13001
A14: WG-SL-00011 | B14: SZ-SL-000947 | C14: WT-SL-AGE-SAGE-FS | E14: 02609 | F14: 0.3 | G14: 0.97 | H14: GL-SL-002 | I14: 7 | J14: 9.1 | K14: -0.48 | L14: -0.998 | M14: 0.367 | N14: =ROUND(J14*F14*G14+K14*G14+L14*F14+M14,3) | O14: =AND(N14>=1.4,N14<=13) | P14: =IF(OR(N14<1.4,N14>13),"",IF(G14*1000<=1170,IF(N14<1.8,"1014",IF(N14<2.9,"1018",IF(N14<3.8,"1029",IF(N14<5,"1038",IF(N14<7,"1050",IF(N14<9,"1070",IF(N14<11,"1090","1110"))))))),IF(G14*1000<=1570,IF(N14<1.8,"",IF(N14<2.9,"2018",IF(N14<3.8,"2029",IF(N14<5,"2038",IF(N14<7,"2050",IF(N14<9,"2070",IF(N14<11,"2090","2110"))))))),IF(G14*1000<=1700,IF(N14<1.8,"",IF(N14<2.9,"3018",IF(N14<3.8,"3029",IF(N14<5,"3038",IF(N14<7,"3050",IF(N14<9,"3070",IF(N14<11,"3090","3110"))))))),"")))) | Q14: =AND(O14=TRUE,P14<>"") | R14: =IF(G14*1000<750,"なし","あり") | S14: =IF(AND(O14=TRUE,Q14=TRUE),"設定可","BLOCK") | T14: 商品カタログ P194 | U14: https://webcatalog.lixil.co.jp/iportal/CatalogDetail.do?catalogID=15191910000&categoryID=1630000&designID=newinter&method=initial_screen&position=18&type=mc&volumeID=LXL13001
A15: WG-SL-00012 | B15: SZ-SL-000947 | C15: WT-SL-AGE-SAGE-FS | E15: 02609 | F15: 0.3 | G15: 0.97 | H15: GL-SL-003 | I15: 8 | J15: 10.4 | K15: -0.605 | L15: -1.332 | M15: 0.399 | N15: =ROUND(J15*F15*G15+K15*G15+L15*F15+M15,3) | O15: =AND(N15>=1.4,N15<=13) | P15: =IF(OR(N15<1.4,N15>13),"",IF(G15*1000<=1170,IF(N15<1.8,"1014",IF(N15<2.9,"1018",IF(N15<3.8,"1029",IF(N15<5,"1038",IF(N15<7,"1050",IF(N15<9,"1070",IF(N15<11,"1090","1110"))))))),IF(G15*1000<=1570,IF(N15<1.8,"",IF(N15<2.9,"2018",IF(N15<3.8,"2029",IF(N15<5,"2038",IF(N15<7,"2050",IF(N15<9,"2070",IF(N15<11,"2090","2110"))))))),IF(G15*1000<=1700,IF(N15<1.8,"",IF(N15<2.9,"3018",IF(N15<3.8,"3029",IF(N15<5,"3038",IF(N15<7,"3050",IF(N15<9,"3070",IF(N15<11,"3090","3110"))))))),"")))) | Q15: =AND(O15=TRUE,P15<>"") | R15: =IF(G15*1000<750,"なし","あり") | S15: =IF(AND(O15=TRUE,Q15=TRUE),"設定可","BLOCK") | T15: 商品カタログ P194 | U15: https://webcatalog.lixil.co.jp/iportal/CatalogDetail.do?catalogID=15191910000&categoryID=1630000&designID=newinter&method=initial_screen&position=18&type=mc&volumeID=LXL13001
A16: WG-SL-00013 | B16: SZ-SL-000947 | C16: WT-SL-AGE-SAGE-FS | E16: 02609 | F16: 0.3 | G16: 0.97 | H16: GL-SL-004 | I16: 6 | J16: 7.8 | K16: -0.355 | L16: -0.664 | M16: 0.335 | N16: =ROUND(J16*F16*G16+K16*G16+L16*F16+M16,3) | O16: =AND(N16>=1.4,N16<=13) | P16: =IF(OR(N16<1.4,N16>13),"",IF(G16*1000<=1170,IF(N16<1.8,"1014",IF(N16<2.9,"1018",IF(N16<3.8,"1029",IF(N16<5,"1038",IF(N16<7,"1050",IF(N16<9,"1070",IF(N16<11,"1090","1110"))))))),IF(G16*1000<=1570,IF(N16<1.8,"",IF(N16<2.9,"2018",IF(N16<3.8,"2029",IF(N16<5,"2038",IF(N16<7,"2050",IF(N16<9,"2070",IF(N16<11,"2090","2110"))))))),IF(G16*1000<=1700,IF(N16<1.8,"",IF(N16<2.9,"3018",IF(N16<3.8,"3029",IF(N16<5,"3038",IF(N16<7,"3050",IF(N16<9,"3070",IF(N16<11,"3090","3110"))))))),"")))) | Q16: =AND(O16=TRUE,P16<>"") | R16: =IF(G16*1000<750,"なし","あり") | S16: =IF(AND(O16=TRUE,Q16=TRUE),"設定可","BLOCK") | T16: 商品カタログ P194 | U16: https://webcatalog.lixil.co.jp/iportal/CatalogDetail.do?catalogID=15191910000&categoryID=1630000&designID=newinter&method=initial_screen&position=18&type=mc&volumeID=LXL13001
A17: WG-SL-00014 | B17: SZ-SL-000947 | C17: WT-SL-AGE-SAGE-FS | E17: 02609 | F17: 0.3 | G17: 0.97 | H17: GL-SL-005 | I17: 7 | J17: 9.1 | K17: -0.48 | L17: -0.998 | M17: 0.367 | N17: =ROUND(J17*F17*G17+K17*G17+L17*F17+M17,3) | O17: =AND(N17>=1.4,N17<=13) | P17: =IF(OR(N17<1.4,N17>13),"",IF(G17*1000<=1170,IF(N17<1.8,"1014",IF(N17<2.9,"1018",IF(N17<3.8,"1029",IF(N17<5,"1038",IF(N17<7,"1050",IF(N17<9,"1070",IF(N17<11,"1090","1110"))))))),IF(G17*1000<=1570,IF(N17<1.8,"",IF(N17<2.9,"2018",IF(N17<3.8,"2029",IF(N17<5,"2038",IF(N17<7,"2050",IF(N17<9,"2070",IF(N17<11,"2090","2110"))))))),IF(G17*1000<=1700,IF(N17<1.8,"",IF(N17<2.9,"3018",IF(N17<3.8,"3029",IF(N17<5,"3038",IF(N17<7,"3050",IF(N17<9,"3070",IF(N17<11,"3090","3110"))))))),"")))) | Q17: =AND(O17=TRUE,P17<>"") | R17: =IF(G17*1000<750,"なし","あり") | S17: =IF(AND(O17=TRUE,Q17=TRUE),"設定可","BLOCK") | T17: 商品カタログ P194 | U17: https://webcatalog.lixil.co.jp/iportal/CatalogDetail.do?catalogID=15191910000&categoryID=1630000&designID=newinter&method=initial_screen&position=18&type=mc&volumeID=LXL13001
A18: WG-SL-00015 | B18: SZ-SL-000947 | C18: WT-SL-AGE-SAGE-FS | E18: 02609 | F18: 0.3 | G18: 0.97 | H18: GL-SL-006 | I18: 8 | J18: 10.4 | K18: -0.605 | L18: -1.332 | M18: 0.399 | N18: =ROUND(J18*F18*G18+K18*G18+L18*F18+M18,3) | O18: =AND(N18>=1.4,N18<=13) | P18: =IF(OR(N18<1.4,N18>13),"",IF(G18*1000<=1170,IF(N18<1.8,"1014",IF(N18<2.9,"1018",IF(N18<3.8,"1029",IF(N18<5,"1038",IF(N18<7,"1050",IF(N18<9,"1070",IF(N18<11,"1090","1110"))))))),IF(G18*1000<=1570,IF(N18<1.8,"",IF(N18<2.9,"2018",IF(N18<3.8,"2029",IF(N18<5,"2038",IF(N18<7,"2050",IF(N18<9,"2070",IF(N18<11,"2090","2110"))))))),IF(G18*1000<=1700,IF(N18<1.8,"",IF(N18<2.9,"3018",IF(N18<3.8,"3029",IF(N18<5,"3038",IF(N18<7,"3050",IF(N18<9,"3070",IF(N18<11,"3090","3110"))))))),"")))) | Q18: =AND(O18=TRUE,P18<>"") | R18: =IF(G18*1000<750,"なし","あり") | S18: =IF(AND(O18=TRUE,Q18=TRUE),"設定可","BLOCK") | T18: 商品カタログ P194 | U18: https://webcatalog.lixil.co.jp/iportal/CatalogDetail.do?catalogID=15191910000&categoryID=1630000&designID=newinter&method=initial_screen&position=18&type=mc&volumeID=LXL13001
A19: WG-SL-00016 | B19: SZ-SL-000947 | C19: WT-SL-AGE-SAGE-FS | E19: 02609 | F19: 0.3 | G19: 0.97 | H19: GL-SL-007 | I19: 6 | J19: 7.8 | K19: -0.355 | L19: -0.664 | M19: 0.335 | N19: =ROUND(J19*F19*G19+K19*G19+L19*F19+M19,3) | O19: =AND(N19>=1.4,N19<=13) | P19: =IF(OR(N19<1.4,N19>13),"",IF(G19*1000<=1170,IF(N19<1.8,"1014",IF(N19<2.9,"1018",IF(N19<3.8,"1029",IF(N19<5,"1038",IF(N19<7,"1050",IF(N19<9,"1070",IF(N19<11,"1090","1110"))))))),IF(G19*1000<=1570,IF(N19<1.8,"",IF(N19<2.9,"2018",IF(N19<3.8,"2029",IF(N19<5,"2038",IF(N19<7,"2050",IF(N19<9,"2070",IF(N19<11,"2090","2110"))))))),IF(G19*1000<=1700,IF(N19<1.8,"",IF(N19<2.9,"3018",IF(N19<3.8,"3029",IF(N19<5,"3038",IF(N19<7,"3050",IF(N19<9,"3070",IF(N19<11,"3090","3110"))))))),"")))) | Q19: =AND(O19=TRUE,P19<>"") | R19: =IF(G19*1000<750,"なし","あり") | S19: =IF(AND(O19=TRUE,Q19=TRUE),"設定可","BLOCK") | T19: 商品カタログ P194 | U19: https://webcatalog.lixil.co.jp/iportal/CatalogDetail.do?catalogID=15191910000&categoryID=1630000&designID=newinter&method=initial_screen&position=18&type=mc&volumeID=LXL13001
A20: WG-SL-00017 | B20: SZ-SL-000947 | C20: WT-SL-AGE-SAGE-FS | E20: 02609 | F20: 0.3 | G20: 0.97 | H20: GL-SL-008 | I20: 7 | J20: 9.1 | K20: -0.48 | L20: -0.998 | M20: 0.367 | N20: =ROUND(J20*F20*G20+K20*G20+L20*F20+M20,3) | O20: =AND(N20>=1.4,N20<=13) | P20: =IF(OR(N20<1.4,N20>13),"",IF(G20*1000<=1170,IF(N20<1.8,"1014",IF(N20<2.9,"1018",IF(N20<3.8,"1029",IF(N20<5,"1038",IF(N20<7,"1050",IF(N20<9,"1070",IF(N20<11,"1090","1110"))))))),IF(G20*1000<=1570,IF(N20<1.8,"",IF(N20<2.9,"2018",IF(N20<3.8,"2029",IF(N20<5,"2038",IF(N20<7,"2050",IF(N20<9,"2070",IF(N20<11,"2090","2110"))))))),IF(G20*1000<=1700,IF(N20<1.8,"",IF(N20<2.9,"3018",IF(N20<3.8,"3029",IF(N20<5,"3038",IF(N20<7,"3050",IF(N20<9,"3070",IF(N20<11,"3090","3110"))))))),"")))) | Q20: =AND(O20=TRUE,P20<>"") | R20: =IF(G20*1000<750,"なし","あり") | S20: =IF(AND(O20=TRUE,Q20=TRUE),"設定可","BLOCK") | T20: 商品カタログ P194 | U20: https://webcatalog.lixil.co.jp/iportal/CatalogDetail.do?catalogID=15191910000&categoryID=1630000&designID=newinter&method=initial_screen&position=18&type=mc&volumeID=LXL13001
A21: WG-SL-00018 | B21: SZ-SL-000947 | C21: WT-SL-AGE-SAGE-FS | E21: 02609 | F21: 0.3 | G21: 0.97 | H21: GL-SL-009 | I21: 8 | J21: 10.4 | K21: -0.605 | L21: -1.332 | M21: 0.399 | N21: =ROUND(J21*F21*G21+K21*G21+L21*F21+M21,3) | O21: =AND(N21>=1.4,N21<=13) | P21: =IF(OR(N21<1.4,N21>13),"",IF(G21*1000<=1170,IF(N21<1.8,"1014",IF(N21<2.9,"1018",IF(N21<3.8,"1029",IF(N21<5,"1038",IF(N21<7,"1050",IF(N21<9,"1070",IF(N21<11,"1090","1110"))))))),IF(G21*1000<=1570,IF(N21<1.8,"",IF(N21<2.9,"2018",IF(N21<3.8,"2029",IF(N21<5,"2038",IF(N21<7,"2050",IF(N21<9,"2070",IF(N21<11,"2090","2110"))))))),IF(G21*1000<=1700,IF(N21<1.8,"",IF(N21<2.9,"3018",IF(N21<3.8,"3029",IF(N21<5,"3038",IF(N21<7,"3050",IF(N21<9,"3070",IF(N21<11,"3090","3110"))))))),"")))) | Q21: =AND(O21=TRUE,P21<>"") | R21: =IF(G21*1000<750,"なし","あり") | S21: =IF(AND(O21=TRUE,Q21=TRUE),"設定可","BLOCK") | T21: 商品カタログ P194 | U21: https://webcatalog.lixil.co.jp/iportal/CatalogDetail.do?catalogID=15191910000&categoryID=1630000&designID=newinter&method=initial_screen&position=18&type=mc&volumeID=LXL13001
A22: WG-SL-00019 | B22: SZ-SL-000948 | C22: WT-SL-AGE-SAGE-FS | E22: 02611 | F22: 0.3 | G22: 1.17 | H22: GL-SL-001 | I22: 6 | J22: 7.8 | K22: -0.355 | L22: -0.664 | M22: 0.335 | N22: =ROUND(J22*F22*G22+K22*G22+L22*F22+M22,3) | O22: =AND(N22>=1.4,N22<=13) | P22: =IF(OR(N22<1.4,N22>13),"",IF(G22*1000<=1170,IF(N22<1.8,"1014",IF(N22<2.9,"1018",IF(N22<3.8,"1029",IF(N22<5,"1038",IF(N22<7,"1050",IF(N22<9,"1070",IF(N22<11,"1090","1110"))))))),IF(G22*1000<=1570,IF(N22<1.8,"",IF(N22<2.9,"2018",IF(N22<3.8,"2029",IF(N22<5,"2038",IF(N22<7,"2050",IF(N22<9,"2070",IF(N22<11,"2090","2110"))))))),IF(G22*1000<=1700,IF(N22<1.8,"",IF(N22<2.9,"3018",IF(N22<3.8,"3029",IF(N22<5,"3038",IF(N22<7,"3050",IF(N22<9,"3070",IF(N22<11,"3090","3110"))))))),"")))) | Q22: =AND(O22=TRUE,P22<>"") | R22: =IF(G22*1000<750,"なし","あり") | S22: =IF(AND(O22=TRUE,Q22=TRUE),"設定可","BLOCK") | T22: 商品カタログ P194 | U22: https://webcatalog.lixil.co.jp/iportal/CatalogDetail.do?catalogID=15191910000&categoryID=1630000&designID=newinter&method=initial_screen&position=18&type=mc&volumeID=LXL13001
A23: WG-SL-00020 | B23: SZ-SL-000948 | C23: WT-SL-AGE-SAGE-FS | E23: 02611 | F23: 0.3 | G23: 1.17 | H23: GL-SL-002 | I23: 7 | J23: 9.1 | K23: -0.48 | L23: -0.998 | M23: 0.367 | N23: =ROUND(J23*F23*G23+K23*G23+L23*F23+M23,3) | O23: =AND(N23>=1.4,N23<=13) | P23: =IF(OR(N23<1.4,N23>13),"",IF(G23*1000<=1170,IF(N23<1.8,"1014",IF(N23<2.9,"1018",IF(N23<3.8,"1029",IF(N23<5,"1038",IF(N23<7,"1050",IF(N23<9,"1070",IF(N23<11,"1090","1110"))))))),IF(G23*1000<=1570,IF(N23<1.8,"",IF(N23<2.9,"2018",IF(N23<3.8,"2029",IF(N23<5,"2038",IF(N23<7,"2050",IF(N23<9,"2070",IF(N23<11,"2090","2110"))))))),IF(G23*1000<=1700,IF(N23<1.8,"",IF(N23<2.9,"3018",IF(N23<3.8,"3029",IF(N23<5,"3038",IF(N23<7,"3050",IF(N23<9,"3070",IF(N23<11,"3090","3110"))))))),"")))) | Q23: =AND(O23=TRUE,P23<>"") | R23: =IF(G23*1000<750,"なし","あり") | S23: =IF(AND(O23=TRUE,Q23=TRUE),"設定可","BLOCK") | T23: 商品カタログ P194 | U23: https://webcatalog.lixil.co.jp/iportal/CatalogDetail.do?catalogID=15191910000&categoryID=1630000&designID=newinter&method=initial_screen&position=18&type=mc&volumeID=LXL13001
... A174: WG-SL-00171 | B174: SZ-SL-000964 | C174: WT-SL-AGE-SAGE-FS | E174: 06915 | F174: 0.73 | G174: 1.57 | H174: GL-SL-009 | I174: 8 | J174: 10.4 | K174: -0.605 | L174: -1.332 | M174: 0.399 | N174: =ROUND(J174*F174*G174+K174*G174+L174*F174+M174,3) | O174: =AND(N174>=1.4,N174<=13) | P174: =IF(OR(N174<1.4,N174>13),"",IF(G174*1000<=1170,IF(N174<1.8,"1014",IF(N174<2.9,"1018",IF(N174<3.8,"1029",IF(N174<5,"1038",IF(N174<7,"1050",IF(N174<9,"1070",IF(N174<11,"1090","1110"))))))),IF(G174*1000<=1570,IF(N174<1.8,"",IF(N174<2.9,"2018",IF(N174<3.8,"2029",IF(N174<5,"2038",IF(N174<7,"2050",IF(N174<9,"2070",IF(N174<11,"2090","2110"))))))),IF(G174*1000<=1700,IF(N174<1.8,"",IF(N174<2.9,"3018",IF(N174<3.8,"3029",IF(N174<5,"3038",IF(N174<7,"3050",IF(N174<9,"3070",IF(N174<11,"3090","3110"))))))),"")))) | Q174: =AND(O174=TRUE,P174<>"") | R174: =IF(G174*1000<750,"なし","あり") | S174: =IF(AND(O174=TRUE,Q174=TRUE),"設定可","BLOCK") | T174: 商品カタログ P194 | U174: https://webcatalog.lixil.co.jp/iportal/CatalogDetail.do?catalogID=15191910000&categoryID=1630000&designID=newinter&method=initial_screen&position=18&type=mc&volumeID=LXL13001
A175: WG-SL-00172 | B175: SZ-SL-000965 | C175: WT-SL-MENKOSHI-AGE-FS | D175: SP-SL-AGE-GRILLE-DIA | E175: 02607 | F175: 0.3 | G175: 0.77 | H175: GL-SL-001 | I175: 6 | J175: 7.8 | K175: -0.355 | L175: -0.664 | M175: 0.335 | N175: =ROUND(J175*F175*G175+K175*G175+L175*F175+M175,3) | O175: =AND(N175>=1.4,N175<=13) | P175: =IF(OR(N175<1.4,N175>13),"",IF(G175*1000<=1170,IF(N175<1.8,"1014",IF(N175<2.9,"1018",IF(N175<3.8,"1029",IF(N175<5,"1038",IF(N175<7,"1050",IF(N175<9,"1070",IF(N175<11,"1090","1110"))))))),IF(G175*1000<=1570,IF(N175<1.8,"",IF(N175<2.9,"2018",IF(N175<3.8,"2029",IF(N175<5,"2038",IF(N175<7,"2050",IF(N175<9,"2070",IF(N175<11,"2090","2110"))))))),IF(G175*1000<=1700,IF(N175<1.8,"",IF(N175<2.9,"3018",IF(N175<3.8,"3029",IF(N175<5,"3038",IF(N175<7,"3050",IF(N175<9,"3070",IF(N175<11,"3090","3110"))))))),"")))) | Q175: =AND(O175=TRUE,P175<>"") | R175: =IF(G175*1000<750,"なし","あり") | S175: =IF(AND(O175=TRUE,Q175=TRUE),"設定可","BLOCK") | T175: 商品カタログ P194 | U175: https://webcatalog.lixil.co.jp/iportal/CatalogDetail.do?catalogID=15191910000&categoryID=1630000&designID=newinter&method=initial_screen&position=18&type=mc&volumeID=LXL13001
A176: WG-SL-00173 | B176: SZ-SL-000965 | C176: WT-SL-MENKOSHI-AGE-FS | D176: SP-SL-AGE-GRILLE-DIA | E176: 02607 | F176: 0.3 | G176: 0.77 | H176: GL-SL-002 | I176: 7 | J176: 9.1 | K176: -0.48 | L176: -0.998 | M176: 0.367 | N176: =ROUND(J176*F176*G176+K176*G176+L176*F176+M176,3) | O176: =AND(N176>=1.4,N176<=13) | P176: =IF(OR(N176<1.4,N176>13),"",IF(G176*1000<=1170,IF(N176<1.8,"1014",IF(N176<2.9,"1018",IF(N176<3.8,"1029",IF(N176<5,"1038",IF(N176<7,"1050",IF(N176<9,"1070",IF(N176<11,"1090","1110"))))))),IF(G176*1000<=1570,IF(N176<1.8,"",IF(N176<2.9,"2018",IF(N176<3.8,"2029",IF(N176<5,"2038",IF(N176<7,"2050",IF(N176<9,"2070",IF(N176<11,"2090","2110"))))))),IF(G176*1000<=1700,IF(N176<1.8,"",IF(N176<2.9,"3018",IF(N176<3.8,"3029",IF(N176<5,"3038",IF(N176<7,"3050",IF(N176<9,"3070",IF(N176<11,"3090","3110"))))))),"")))) | Q176: =AND(O176=TRUE,P176<>"") | R176: =IF(G176*1000<750,"なし","あり") | S176: =IF(AND(O176=TRUE,Q176=TRUE),"設定可","BLOCK") | T176: 商品カタログ P194 | U176: https://webcatalog.lixil.co.jp/iportal/CatalogDetail.do?catalogID=15191910000&categoryID=1630000&designID=newinter&method=initial_screen&position=18&type=mc&volumeID=LXL13001
A177: WG-SL-00174 | B177: SZ-SL-000965 | C177: WT-SL-MENKOSHI-AGE-FS | D177: SP-SL-AGE-GRILLE-DIA | E177: 02607 | F177: 0.3 | G177: 0.77 | H177: GL-SL-003 | I177: 8 | J177: 10.4 | K177: -0.605 | L177: -1.332 | M177: 0.399 | N177: =ROUND(J177*F177*G177+K177*G177+L177*F177+M177,3) | O177: =AND(N177>=1.4,N177<=13) | P177: =IF(OR(N177<1.4,N177>13),"",IF(G177*1000<=1170,IF(N177<1.8,"1014",IF(N177<2.9,"1018",IF(N177<3.8,"1029",IF(N177<5,"1038",IF(N177<7,"1050",IF(N177<9,"1070",IF(N177<11,"1090","1110"))))))),IF(G177*1000<=1570,IF(N177<1.8,"",IF(N177<2.9,"2018",IF(N177<3.8,"2029",IF(N177<5,"2038",IF(N177<7,"2050",IF(N177<9,"2070",IF(N177<11,"2090","2110"))))))),IF(G177*1000<=1700,IF(N177<1.8,"",IF(N177<2.9,"3018",IF(N177<3.8,"3029",IF(N177<5,"3038",IF(N177<7,"3050",IF(N177<9,"3070",IF(N177<11,"3090","3110"))))))),"")))) | Q177: =AND(O177=TRUE,P177<>"") | R177: =IF(G177*1000<750,"なし","あり") | S177: =IF(AND(O177=TRUE,Q177=TRUE),"設定可","BLOCK") | T177: 商品カタログ P194 | U177: https://webcatalog.lixil.co.jp/iportal/CatalogDetail.do?catalogID=15191910000&categoryID=1630000&designID=newinter&method=initial_screen&position=18&type=mc&volumeID=LXL13001
